continue_last_run;이어서 하기
start_new_run;새로 하기
continue;계속하기
settings;설정
credits;크레딧
quit;종료
first_time_setup_title;처음 설정
first_time_setup_upper_desc;에이션트 던전에 오신 것을 환영합니다. 시작하기 전 컨트롤 세팅을 먼저 해보세요.
first_time_setup_move_with;이동
first_time_setup_lower_desc;추가적인 설정을 하려면<br>(앉아 하기, 스냅/부드러운 회전 조절) 메인 메뉴에서<br>설정 메뉴를 여세요!
dominant_hand;주사용 손
left_hand;왼손
right_hand;오른손
left_controller;왼쪽 컨트롤러
right_controller;오른쪽 컨트롤러
volume;볼륨
done;확인
disabled;비활성화
enabled;활성화
configure;설정
reconnect;재접속
master_volume;마스터 볼륨
music_volume;음악 볼륨
sfx_volume;SFX 볼륨
movement_type;이동 타입
smooth_movement;부드러운 이동
teleport_movement;순간이동
recommended;추천
homebase_title_the_ancient_dungeon;고대 던전
close;닫기
main_menu;메인 메뉴
give_up;포기하기
off;Off
on;On
apply;동의
hard_mode;어려움 모드
buy;구입
locked;잠김
mods;모드
apply_changes;설정 저장
choose_a_category;카테고리 선택
settings_preset_selection;프리셋 선택
rift;Rift
quest;Quest
other;기타
rift_quest;Rift / Quest
wmr;WMR
vive;Vive
index;Index
keys;열쇠
coins;코인
changelog_title;변경점
changelog_hint;(전체 목록은 게임 외부의 패치 노트 참조)
changelog;
credits_main_development;Main Development
credits_a_game_by;A game by
credits_music;<color=#e62>Music</color><br>Elben Schutte &<br>Daniel Caleb
credits_sound;<color=#e62>Sound</color><br>Damon McKenzie
credits_narrative;<color=#e62>Narrative Design</color><br>Christopher Walton
credits_programming;<color=#e62>Programming</color><br>Thom de Meulder
credits_thanks;ADVR 디스코드 관리자, 테스터 및 도움을 주신 모든 분들께 감사드립니다!
credits_kickstarter;이 게임을 가능하게 해준 모든 킥스타터 서포터들에게 감사드립니다!
thank_you_for_playing;고대 던전을 플레이해 주셔서 감사합니다!<br><br>게임에 대한 제안이 있거나 피드백을 제공하고 싶다면 언제든지 디스코드에 동참하십시오.<br><br><color=orange>https://discord.gg/advr</color><br><br>변경로그를 확인하여 미쳐 알아보지 못한 패치를 찾아보세요.<br><br><KOREAN_FONT_LICENSE>
how_to_play_title;플레이 하는 법
how_to_play_equip_sword;검 장착 / 해제
how_to_play_equip_knife;투척용 나이프 장착 / 상호작용
how_to_play_grab_objects;물건 잡기
how_to_play_walk;걷기
how_to_play_activate_item;아이템 활성화
how_to_play_stats;능력치 / 설정
how_to_play_quick_inv;당신의 <color="yellow">왼손</color>을 시계 보듯<color="yellow">보면</color> 미니맵과 퀵 인벤토리(HP, 코인, 키 등등)를 볼 수 있습니다.
how_to_play_slots;당신은 각 손목에 <color="yellow">인벤토리 슬롯</color>을 가지고 있습니다.
popup_unlocked_hard_mode;모험에서 어려움 난이도가 잠금 해제되었습니다!
save_and_quit;저장하고 나가기
slot_machine_hit_me;여길 쳐봐!
first_time_food_hint;손목 슬롯에 아이템을 저장할 수 있습니다!
highlight_active_item;사용 아이템
settings_mods_unsaved_changes;저장되지 않은 변경사항이 있습니다.<br>클릭해서 적용하세요!
settings_tab_movement;이동
settings_tab_combat;전투
settings_tab_soundmusic;소리 & 음악
settings_tab_graphics;그래픽
settings_tab_misc;기타
settings_movement_title;이동 설정
settings_movement_advanced_settings;고급 이동 설정
settings_movement_turning_mode;회전 모드
settings_movement_snap_turn;스냅 회전
settings_movement_smooth_turn;부드러운 회전
settings_movement_movement_direction;이동 방향
settings_movement_headset_direction;헤드셋 방향
settings_movement_controller_direction;컨트롤러 방향
settings_movement_snap_turn_angle;스냅 회전 각도
settings_movement_smooth_turn_speed;부드러운 회전 속도
settings_movement_joystick_deadzone;조이스틱 데드존
settings_movement_comfort_vignette;비네팅 설정
settings_combat_warning_not_in_run;전투 설정은 무기마다 다르기 때문에 모험 중에만 변경할 수 있습니다!<br><br>설정을 변경하려면 모험을 시작하고 설정 메뉴로 돌아가십시오!
settings_combat_warning_no_settings;현재의 무기 조합에는 전투 설정이 없습니다.
settings_combat_title;전투 설정
settings_combat_title_advanced;고급 전투 설정
settings_combat_hold_angle;무기 각도
settings_graphics_shadow_effects;그림자 효과
settings_graphics_normal_resolution;일반 해상도
settings_misc_title;기타
settings_misc_spectator_cam;관전 카메라
settings_misc_spectator_cam_hint;관전 카메라는 더 많은 성능을 필요로 합니다!
settings_misc_connect_to_twitch;트위치 연결
settings_accessibility_title;일반 설정
settings_accessibility_play_mode;플레이 모드
settings_accessibility_standing;서서 하기
settings_accessibility_seated;앉아 하기
settings_accessibility_seated_offset;앉아 하기 키 간격띄우기
settings_advanced_title;고급 설정
settings_advanced_speedrun_stats;완료시 스피드런 통계
settings_advanced_fast_respawn;빠른 재소환 모드
settings_advanced_controller_vibrations;컨트롤러 진동
settings_advanced_heartbeat_sound;낮은 체력 심장 소리
settings_advanced_bhaptics;BHaptics 조끼 지원
settings_advanced_ingame_console;인게임 콘솔
settings_advanced_ingame_console_toggle;토글 콘솔
settings_advanced_ingame_console_warning;콘솔을 활성화하면 현재 모험에 대한 잠금 해제 및 업적이 비활성화 됩니다!
won_run_area_sign_warning;들어가지 마시오! 당신은 죽을 것이고 모든 것을 잃을 것입니다! (당신의 실력이 제 실력과 맞먹는다고 생각하지 않는다면) 가치가 전혀 없습니다! 
stat_screen_title;유물과 정보
stat_screen_primary_dmg_hint;주 무기로 물체나 적에게 타격을 입힐 때의 피해량
stat_screen_secondary_dmg_hint;보조 무기로 물체나 적에게 타격을 입힐 때의 피해량
stat_screen_evasion_hint;입은 피해를 무효화할 가능성
stat_screen_discount_hint;상점 할인율
stat_screen_primary_crit_hint;주 무기 치명타 확률
stat_screen_secondary_crit_hint;보조 무기 치명타 확률
stat_screen_luck_hint;운은 특정 사건 확률에 영향을 미칩니다. 운이 좋으면 더 자주 발동합니다.
stat_screen_stats;능력치
stat_screen_damage_short;공격력
stat_screen_damage_long;공격력
stat_screen_critical_long;치명타 확률
stat_screen_critical_short;치명
stat_screen_evasion;회피
stat_screen_discount;할인
stat_screen_luck;운
stat_screen_heart_containers;체력 컨테이너
stat_screen_protection_heart;보호막 체력
stat_screen_upgrades_found;발견한 업그레이드
stat_screen_ngplus1_hint;입는 데미지 2배<br>더 많은 강력한 적<br>더 많은 적 체력<br>더 적은 아이템과 음식
stat_screen_ngplus2_hint;입는 데미지 3배<br>더 많은 강력한 적<br>더 많은 적 체력<br>더 적은 아이템과 음식
stat_screen_ngplus3_hint;피격시 즉각 사망<br>더 많은 강력한 적<br>더 많은 적 체력<br>더 적은 아이템과 음식
seed;시드
buy_item_free;공짜!
buy_item_press_trigger;트리거를 눌러 구매
buy_item_cant_afford;돈이 부족합니다
first_time_hint_press_a_activate_item;A를 눌러 아이템을 사용하세요
first_time_hint_press_grip_activate_item;그립을 눌러 아이템을 사용하세요
first_time_hint_press_trigger_for_knife;트리거를 눌러 나이프를 장비하고 던질 수 있습니다
first_time_hint_sword_prompt_b;B를 눌러 검을 장비하거나 수납합니다
first_time_hint_sword_prompt_y;Y를 눌러 검을 장비하거나 수납합니다
first_time_hint_menu_prompt_b;B를 눌러 메뉴를 열거나 닫습니다
first_time_hint_menu_prompt_y;Y를 눌러 메뉴를 열거나 닫습니다
first_time_hint_sword_prompt_menu;메뉴 버튼을 눌러 검을 장비하거나 수납합니다
first_time_hint_menu_prompt_menu;메뉴 버튼을 눌러 메뉴를 열거나 닫습니다
blacksmith_unlocked_augmentshop;대장장이 모루에서 잠금 해제된 무기 강화!
blacksmith_unlocked_crossbow;석궁 무기 콤보의 잠금을 해제했습니다!
sacrifice_statue_hint_health;양쪽 컨트롤러에서 트리거를 눌러 체력 1을 바칩니다
sacrifice_statue_hint_coins;양쪽 컨트롤러에서 트리거를 눌러 코인 15개를 바칩니다
sacrifice_statue_hint_keys;양쪽 컨트롤러에서 트리거를 눌러 키 1개를 바칩니다
sacrifice_statue_hint_hpcontainers;양쪽 컨트롤러에서 트리거를 눌러 체력 컨테이너 1개를 바칩니다
acolyte_unlocked_insight_shop;연구소를 잠금 해제했습니다!<br><br>성직자 옆에서 찾을 수 있습니다.
acolyte_unlocked_hardmode;모험 준비 화면에서 어려움 모드가 잠금 해제되었습니다!
gambler_delve_random_items_applied;임의 아이템 적용:
new_game_plus_prefix;새 게임
worldmap_ui_title;고대 던전
overgrown_gatehouse;제멋대로 커진 관문
infested_dungeon;감염된 던전
forgotten_library;잊혀진 도서관
luminous_mines;빛나는 광산
beasts_cradle;야수의 요람
item_compendium_title;아이템 일람
item_compendium_not_found;이 아이템은 아직 찾지 못했습니다
item_compendium_locked;잠김
journal_collection_title;저널 페이지
achievements_title;이정표
insight_shop_title;현재 연구상황
insight_shop_cant_afford;경험치 부족
insight_shop_buy_for;연구:
seer_ui_title;기억
seer_ui_enter_memories;기억으로 들어가기
speechbubble_talk;대화
speechbubble_press_trigger;트리거를 눌러 계속...
achievement_ui_unlocks_item;잠금 해제:
speedrun_timer_final_time;최종 시간:
jackpot_announcement;잭팟입니다!<br><br>모든 능력치가 증가합니다!
boss_fight_announcement;보스 대결!
introduction_screen_message;고대 던전(Ancient Dungeon)의 전설은 오랫동안 전해져온 이야기입니다. 이 미로와 같은 던전은 항상 변화하며, 부와 보물이 가득하다고 합니다.<br><br><br>대도서관의 성직자들은 던전 안으로 들어갈 수 있는 방법을 찾아냈고, 이제 이 땅에 용감한 영혼들에게 던전에 들어가-아마 도망쳐 나왔겠지만- 부와 명성을 얻을 수 있는 기회를 제공하고자 전파하고 있습니다.<br><br><br>당신도 이 메시지를 듣고, 긴 여정 끝에 던전 입구에 도착했습니다...
cant_save_console_used;콘솔이 사용되었기에 저장할 수 없습니다!
select_preset_message_1;처음 플레이하는 것 같습니다. 아래에서 컨트롤러 프리셋 설정을 선택하십시오.
select_preset_message_2;다른 것 선택 시 경고: 게임이 제대로 작동해야 하지만 각 컨트롤러가 다르기 때문에 핸드 오프셋과 매핑에 차이가 있을 수 있습니다.
won_run_title;당신은 승리했습니다!
won_run_depart;떠나기
won_run_beast_blood;야수의 피
won_run_text_part2;고대 던전을 탈출했군! 더 중요한 것은, 내가 지켜본 결과 현재의 지식체계에 다음과 같은 기여를 했다는 것이네:
won_run_text_part2_no_unlocks;살았구만. 그게 전부야. 이 엄청난 시간 낭비를 표현하기에 딱 맞는 말이군. 보라구:
won_run_text_part3_no_unlocks;그래, 아무것도 없네. 나도 그래, 나도 자네만큼 좌절했어. 바라건대 자네가 "모험"에 대해 자랑하고 소문이 퍼져 좀 더 쓸모있고 어리석은 사람이 여기로 여행을 시작했으면 좋겠군.
The Scholar;학자
The Vagabond;방랑자
game_over_title;당신은 죽었습니다!
game_over_text_part1;모험가 #
game_over_text_part2;은 고대 던전을 탐험하던 도중 사망했지. 그의 죽음은 안타깝지만, 모험을 지켜본 결과 현재의 지식 체계에 다음과 같은 새로운 정보를 얻을 수 있었음을 보고하게 되어 기쁘다네:
game_over_text_part2_no_unlocks;은 고대 던전을 탐험하던 도중 사망했지...
game_over_text_part3_no_unlocks;...뭐 누가 신경이나 쓰겠나? 모험에서 새로운 정보를 하나도 얻을 수 없었어. 바싹 마른 시체가 뒤따르는 사람들에게 경고나 됐으면 좋겠다네. 난 내 시간이 낭비되는 게 정말 싫네.
game_over_new_pages;새로 수집한 저널 페이지:
game_over_new_items;새로 발견한 유물:
game_over_new_milestones;새로 달성한 이정표:
game_over_enemies_killed;처치한 적:
game_over_floors_completed;완료한 층:
game_over_money_spent;사용한 돈:
game_over_difficulty_multiplier;난이도 배율:
game_over_text_part3;항상 그렇듯, 모든 정보는 신속하고 정확하게 기록되도록 하겠네. 대도서관의 표준 통계에 관한 측면에서
game_over_text_part4;경험치를 획득했고, 내 연구에 확실한 도움이 되리라 생각하네.
game_over_end_run;모험 끝내기
game_over_insight;경험치
beast_blood_shop_title;무기 강화
beast_blood_shop_augment_weapon;강화 무기
beast_blood_shop_subtitle;대장장이의 무기는 야수를 처치하여 얻을 수 있는 야수의 피를 사용하여 강화할 수 있습니다.
beast_blood_shop_desc;야수의 피를 사용하여 무기를 강화하세요
run_stats_title;정보
run_stats_adventurers_entered;모험 횟수:
run_stats_adventurers_returned;모험에서 돌아온 횟수:
run_preparation_title;모험 준비
run_preparation_select_weapon;무기 선택
run_preparation_select_difficulty;난이도 선택
run_preparation_difficulty_normal;일반
run_preparation_difficulty_hard;어려움
run_preparation_ready;준비됐나요?
run_preparation_difficulty_hard_desc;-보스가 더 어려워짐<br>-보스 공격력 2배<br>-더 많은 강력한 적 소환<br>-더 많은 적 소환<br>-부족한 음식과 코인
run_preparation_enter_the_dungeon;던전으로 들어가기
run_preparation_continue_saved_run;저장한 모험 계속하기
run_preparation_custom_run;사용자 정의 모험
run_preparation_customized_run_hint;참고: 사용자 정의 모험은 업적 및 전승 페이지에 반영되지 않습니다
run_preparation_enter_seed_hint;커스텀 시드를 입력하세요(빈칸으로 두면 무작위)
run_preparation_enter_custom_dungeon;사용자 정의 던전에 입장합니다
run_preparation_enter_seed_placeholder;시드 입력
erthu_chrwa_abacus_bead_name;Abacus Bead
erthu_chrwa_abacus_bead_desc;원거리 공격은 두 번 적중할 확률이 있습니다.
erthu_chrwa_alchemists_mark_name;Alchemist's Mark
erthu_chrwa_alchemists_mark_desc;충전이 완료되면 무작위 오브를 생성하는 데 사용합니다.
erthu_chrwa_anarchists_brand_name;Anarchist's Brand
erthu_chrwa_anarchists_brand_desc;비용을 지불하고 폭발을 일으키는 데 사용합니다.
erthu_chrwa_anarchists_mark_name;Anarchist's Mark
erthu_chrwa_anarchists_mark_desc;충전 후 사용하면 폭발을 일으킵니다.
erthu_chrwa_ascetics_mark_name;Ascetic's Mark
erthu_chrwa_ascetics_mark_desc;충전 후 사용하면 무작위 능력치를 향상시킵니다.
erthu_chrwa_assassins_mark_name;Assassins Mark
erthu_chrwa_assassins_mark_desc;충전 후 사용하면 근처 적을 처치합니다.
erthu_chrwa_avenging_angle_name;Avenging Angle
erthu_chrwa_avenging_angle_desc;맞았을 때, 낮은 확률로 공격자가 처치됩니다.
erthu_chrwa_bamboo_firecracker_name;Bamboo Firecracker
erthu_chrwa_bamboo_firecracker_desc;원거리 투사체가 폭발을 일으킵니다.
erthu_chrwa_bargain_signed_in_blood_name;Bargain Signed in Blood
erthu_chrwa_bargain_signed_in_blood_desc;맞았을 때, 코인 5개를 획득합니다.
erthu_chrwa_bat_ear_name;Bat Ear
erthu_chrwa_bat_ear_desc;지역의 지도가 완전히 표시됩니다.
erthu_chrwa_bee_stinger_name;Bee Stinger
erthu_chrwa_bee_stinger_desc;근접 공격력이 약간 증가하지만, 근접 무기의 크기가 감소합니다.
erthu_chrwa_befouling_sludge_name;Befouling Sludge
erthu_chrwa_befouling_sludge_desc;근접 공격은 잠시 후 추가 피해를 입힙니다.
erthu_chrwa_beloved_keepsake_name;Beloved Keepsake
erthu_chrwa_beloved_keepsake_desc;보호막 하나를 획득합니다.
erthu_chrwa_berserkers_mark_name;Berserker's Mark
erthu_chrwa_berserkers_mark_desc;충전 후 사용하면 일시적으로 치명타 확률을 증가시킵니다.
erthu_chrwa_bitter_tears_name;Bitter Tears
erthu_chrwa_bitter_tears_desc;체력이 낮을 때 무기 공격력이 크게 증가합니다.
erthu_chrwa_black_box_name;Black Box
erthu_chrwa_black_box_desc;무작위 유물을 획득합니다.
erthu_chrwa_bloodshot_eye_name;Bloodshot Eye
erthu_chrwa_bloodshot_eye_desc;무기 공격력이 증가하지만, 최대하트 수가 감소합니다.
erthu_chrwa_bloody_fingerprint_name;Bloody Fingerprint
erthu_chrwa_bloody_fingerprint_desc;원거리 치명타 확률이 약간 증가합니다.
erthu_chrwa_blood_sausage_name;Blood Sausage
erthu_chrwa_blood_sausage_desc;적 처치 후 무기 공격력이 일시적으로 증가합니다.
erthu_chrwa_blunted_knucklebone_name;Blunted Knucklebone
erthu_chrwa_blunted_knucklebone_desc;근접 공격 시 일정 확률로 코인을 획득합니다.
erthu_chrwa_bone_dice_name;Bone Dice
erthu_chrwa_bone_dice_desc;무작위 능력치를 향상시킵니다.
erthu_chrwa_bottled_lightning_name;Bottled Lightning
erthu_chrwa_bottled_lightning_desc;투사체의 크기와 피해량은 서서히 증가하지만, 공격할 때마다 초기화됩니다.
erthu_chrwa_broken_shackle_name;Broken Shackle
erthu_chrwa_broken_shackle_desc;항아리에 적은 확률로 열쇠가 들어 있습니다.
erthu_chrwa_broken_shield_name;Broken Shield
erthu_chrwa_broken_shield_desc;치명타 확률이 크게 증가하지만, 때때로 받는 피해가 증가합니다.
erthu_chrwa_caged_match_name;Caged Match
erthu_chrwa_caged_match_desc;밀폐된 방에 있을 때 무기 공격력이 증가합니다.
erthu_chrwa_calcified_pustule_name;Calcified Pustule
erthu_chrwa_calcified_pustule_desc;원거리 공격은 독 구름을 생성하지만 투사체는 느려집니다.
erthu_chrwa_catgut_mesh_name;Catgut Mesh
erthu_chrwa_catgut_mesh_desc;적 투사체를 반사할때 더 큰 피해를 입힙니다.
erthu_chrwa_charm_of_a_first_love_name;Charm of a First Love
erthu_chrwa_charm_of_a_first_love_desc;하나의 하트를 얻습니다.
erthu_chrwa_chicken_dinner_name;Chicken Dinner
erthu_chrwa_chicken_dinner_desc;도적 상자는 여러 번 시도하면 좋은 보상을 받을 수 있습니다.
erthu_chrwa_cinched_belt_name;Cinched Belt
erthu_chrwa_cinched_belt_desc;체력이 낮을 때 음식을 먹으면 평소보다 더 회복됩니다.
erthu_chrwa_clock_key_name;Clock Key
erthu_chrwa_clock_key_desc;맞았을 때, 일시적으로 시간이 느려집니다.
erthu_chrwa_cracked_powderhorn_name;Cracked Powderhorn
erthu_chrwa_cracked_powderhorn_desc;항아리와 상자가 깨지면 폭발합니다.
erthu_chrwa_customer_card_name;Customer Card
erthu_chrwa_customer_card_desc;상점 물품이 조금 할인됩니다.
erthu_chrwa_dead_weight_name;Dead Weight
erthu_chrwa_dead_weight_desc;투사체는 훨씬 더 큰 피해를 주지만, 더 크고 느립니다.
erthu_chrwa_deafening_bell_name;Deafening Bell
erthu_chrwa_deafening_bell_desc;맞았을 때, 근처의 적들이 뒤로 밀려납니다.
erthu_chrwa_dis_armor_name;Dis Armor
erthu_chrwa_dis_armor_desc;함정과 가시로 인한 피해에 면역이 됩니다.
erthu_chrwa_door_chime_name;Door Chime
erthu_chrwa_door_chime_desc;방에 처음 입장할 때 위습을 소환합니다.
erthu_chrwa_dowry_chest_name;Dowry Chest
erthu_chrwa_dowry_chest_desc;하트를 두 개 얻지만 코인을 획득할 때 절반의 확률로 실패합니다.
erthu_chrwa_dragon_lung_name;Dragon Lung
erthu_chrwa_dragon_lung_desc;맞았을 때, 주변의 적들이 불에 탑니다.
erthu_chrwa_dueling_glove_name;Dueling Gloves
erthu_chrwa_dueling_glove_desc;피해를 입지 않은 적에 한해서 무기 공격력이 크게 증가합니다.
erthu_chrwa_durian_husk_name;Durian Husk
erthu_chrwa_durian_husk_desc;음식을 먹으면 근처의 적에게 피해를 줍니다.
erthu_chrwa_embroidered_sleeve_name;Embroidered Sleeve
erthu_chrwa_embroidered_sleeve_desc;다음 보스를 처치한 후 많은 양의 보호막 을 얻지만, 해당 보스의 피해는 두 배가 됩니다.
erthu_chrwa_engagement_ring_name;Engagement Ring
erthu_chrwa_engagement_ring_desc;모든 하트를 희생하는 대신 보호막이 두 배로 증가합니다.
erthu_chrwa_estate_keys_name;Estate Keys
erthu_chrwa_estate_keys_desc;열쇠를 10개 획득합니다.
erthu_chrwa_exotic_spice_name;Exotic Spice
erthu_chrwa_exotic_spice_desc;음식을 먹으면 평소보다 체력을 더 회복할 수 있습니다.
erthu_chrwa_foam_bat_name;Foam Bat
erthu_chrwa_foam_bat_desc;기본 무기 공격력이 감소하지만, 적을 처치하면 공격력이 원래 값 이상으로 증가합니다.
erthu_chrwa_forge_embers_name;Forge Embers
erthu_chrwa_forge_embers_desc;무기 공격 시 일정 확률로 적을 불태울 수 있습니다.
erthu_chrwa_fossilized_leech_name;Fossilized Leech
erthu_chrwa_fossilized_leech_desc;마크가 더 빨리 충전됩니다.
erthu_chrwa_four_leaf_clover_new_name;Four Leaf Clover
erthu_chrwa_four_leaf_clover_new_desc;모든 능력치가 증가하고 행운이 극대화됩니다.
erthu_chrwa_fragranced_letter_name;Fragranced Letter
erthu_chrwa_fragranced_letter_desc;지역을 완료한 후 보호막 하나 획득합니다.
erthu_chrwa_fungal_growth_name;Fungal Growth
erthu_chrwa_fungal_growth_desc;투사체는 비행 중에 피해를 입히는 입자를 방출합니다.
erthu_chrwa_gamblers_mark_name;Gambler's Mark
erthu_chrwa_gamblers_mark_desc;충전되면 체력을 하나 회복하거나 체력 절반을 잃을수 있습니다.
erthu_chrwa_gaping_totem_name;Gaping Totem
erthu_chrwa_gaping_totem_desc;무기 공격력이 크게 증가하지만, 공격할 때마다 코인이 소모됩니다.
erthu_chrwa_glass_cannon_name;Glass Cannon
erthu_chrwa_glass_cannon_desc;무기 공격력이 크게 증가하지만, 최대 하트 개수는 하나로 고정됩니다.
erthu_chrwa_glowing_spot_name;Glowing Spot
erthu_chrwa_glowing_spot_desc;첫 무기 공격 시 보스의 생명력을 25% 감소시킵니다.
erthu_chrwa_gluttons_mark_name;Glutton's Mark
erthu_chrwa_gluttons_mark_desc;충전 후 사용하면 주변 적에게 소량의 피해를 입힙니다.
erthu_chrwa_gnawed_off_paw_name;Gnawed-Off Paw
erthu_chrwa_gnawed_off_paw_desc;체력이 낮으면 회피력이 크게 증가합니다.
erthu_chrwa_gold_chime_name;Gold Chime
erthu_chrwa_gold_chime_desc;맞았을 때 위습을 소환합니다.
erthu_chrwa_gold_tooth_name;Gold Tooth
erthu_chrwa_gold_tooth_desc;근접 공격력이 약간 증가합니다.
erthu_chrwa_granite_pestle_name;Granite Pestle
erthu_chrwa_granite_pestle_desc;오브의 효과를 받는 동안 무기를 사용하면 폭발이 발생합니다.
erthu_chrwa_grinning_totem_name;Grinning Totem
erthu_chrwa_grinning_totem_desc;열쇠와 코인을 절반 소모하지만 그에 따라 행운이 증가합니다.
erthu_chrwa_gruesome_trophy_name;Gruesome Trophy
erthu_chrwa_gruesome_trophy_desc;근접 공격의 치명타 확률이 약간 증가합니다.
erthu_chrwa_halved_worm_name;Halved Worm
erthu_chrwa_halved_worm_desc;여러 번 획득할 수 있는 다음 유물은 두 번 적용됩니다.
erthu_chrwa_hat_buckle_name;Hat Buckle
erthu_chrwa_hat_buckle_desc;항아리에 코인을 발견할 확률이 높아집니다.
erthu_chrwa_healers_mark_name;Healer's Mark
erthu_chrwa_healers_mark_desc;충전 후 사용하면 절반의 체력을 회복합니다.
erthu_chrwa_heartstring_harp_name;Heartstring Harp
erthu_chrwa_heartstring_harp_desc;지역 완료 후 건강의 심장을 획득합니다.
erthu_chrwa_heavy_yoke_name;Heavy Yoke
erthu_chrwa_heavy_yoke_desc;하트 수가 두 배로 증가하지만 현재 생명력은 절반으로 설정됩니다.
erthu_chrwa_holy_underwear_name;Holy Underwear
erthu_chrwa_holy_underwear_desc;강력한 적에 대한 무기 공격력이 크게 증가합니다.
erthu_chrwa_hummingbird_feather_name;Hummingbird Feather
erthu_chrwa_hummingbird_feather_desc;투사체는 중력의 영향을 받지 않습니다.
erthu_chrwa_incentives_flyer_name;Incentives Flyer
erthu_chrwa_incentives_flyer_desc;아이템 구매 시 상인이 체력을 제공합니다.
erthu_chrwa_innocents_mark_name;Innocent's Mark
erthu_chrwa_innocents_mark_desc;충전 후 사용하면 위습을 소환합니다.
erthu_chrwa_iron_stomach_name;Iron Stomach
erthu_chrwa_iron_stomach_desc;필요 이상으로 체력을 회복하는 음식을 먹으면 보호막이 생성됩니다.
erthu_chrwa_jade_turtleshell_name;Jade Turtleshell
erthu_chrwa_jade_turtleshell_desc;맞았을 때, 잠시 동안 무적 상태가 됩니다.
erthu_chrwa_jail_keys_name;Jail Key
erthu_chrwa_jail_keys_desc;열쇠 3개를 획득합니다.
erthu_chrwa_jousting_lance_name;Jousting Lance
erthu_chrwa_jousting_lance_desc;치명타가 적을 멀리 밀쳐냅니다.
erthu_chrwa_knights_mark_name;Knight's Mark
erthu_chrwa_knights_mark_desc;충전 후 사용하면 일정 시간 동안 무적 상태가 됩니다.
erthu_chrwa_lobster_bib_name;Lobster Bib
erthu_chrwa_lobster_bib_desc;음식을 먹으면 코인을 획득할 수 있습니다.
erthu_chrwa_lockpick_set_name;Lockpick Set
erthu_chrwa_lockpick_set_desc;열쇠를 소모하지 않고 잠금 장치를 열 수 있습니다.
erthu_chrwa_lost_lodestone_name;Lost Lodestone
erthu_chrwa_lost_lodestone_desc;지역을 완료하면 근접 또는 원거리 공격력이 약간 증가합니다.
erthu_chrwa_lucky_horseshoe_name;Lucky Horseshoe
erthu_chrwa_lucky_horseshoe_desc;다음 지역에는 더 많은 황금 상자가 등장합니다.
erthu_chrwa_magicians_mark_name;Magician's Mark
erthu_chrwa_magicians_mark_desc;충전 후 사용하면 근처의 유물을 변경합니다.
erthu_chrwa_magpie_wing_name;Magpie Wing
erthu_chrwa_magpie_wing_desc;행운과 할인이 크게 증가하지만 깨지는 오브젝트는 더 이상 아이템을 떨어뜨리지 않습니다.
erthu_chrwa_merchants_mark_name;Merchants Mark
erthu_chrwa_merchants_mark_desc;충전 후 사용하면 주변 유물을 코인으로 변환합니다.
erthu_chrwa_messengers_mark_name;Messenger's Mark
erthu_chrwa_messengers_mark_desc;충전 후 사용하면 돌진합니다.
erthu_chrwa_miners_mark_name;Miner's Mark
erthu_chrwa_miners_mark_desc;충전 후 사용하면 대미지를 주는 스파이크 라인을 생성합니다.
erthu_chrwa_myopic_lens_name;Myopic Lens
erthu_chrwa_myopic_lens_desc;대미지가 크게 증가하지만, 주 무기와 보조 무기가 번갈아 사용됩니다.
erthu_chrwa_needle_of_oroborous_name;Needle of Oroborous
erthu_chrwa_needle_of_oroborous_desc;원거리 공격의 공격력이 크게 증가하지만, 맞추지 못하는 경우 대미지를 입습니다.
erthu_chrwa_old_pouch_name;Old Pouch
erthu_chrwa_old_pouch_desc;코인 25개 획득 합니다.
erthu_chrwa_ominous_fingerprint_name;Ominous Fingerprint
erthu_chrwa_ominous_fingerprint_desc;원거리 공격력이 약간 증가합니다.
erthu_chrwa_overstock_flyer_name;Overstock Flyer
erthu_chrwa_overstock_flyer_desc;상인에게서 한 품목을 구매하면 또 다른 품목을 구매할수 있습니다.
erthu_chrwa_packrat_mandible_name;Packrat Mandible
erthu_chrwa_packrat_mandible_desc;모든 능력치가 크게 증가하지만, 다른 유물을 획득하면 피해를 입습니다.
erthu_chrwa_penitents_mark_name;Penitent's Mark
erthu_chrwa_penitents_mark_desc;충전 후 사용하면 무작위 유물을 획득할 수 있지만, 소량의 체력을 잃게 됩니다.
erthu_chrwa_penny_whistle_name;Penny Whistle
erthu_chrwa_penny_whistle_desc;지역 완료 후 코인 20개를 획득할수 있습니다.
erthu_chrwa_pickaxe_head_name;Pickaxe Head
erthu_chrwa_pickaxe_head_desc;근접 무기로 지면을 내려치면 피해를주는 스파이크 라인을 생성합니다.
erthu_chrwa_pit_friend_name;Pit Friend
erthu_chrwa_pit_friend_desc;구덩이에 음식을 던지면 확률적으로 무작위 능력치가 향상됩니다.
erthu_chrwa_porcupine_quills_name;Porcupine Quills
erthu_chrwa_porcupine_quills_desc;원거리 공격 시 투사체와 함께 퀼이 폭발적으로 생성됩니다.
erthu_chrwa_possessed_hammer_name;Possessed Hammer
erthu_chrwa_possessed_hammer_desc;근접 무기의 크기가 커집니다.
erthu_chrwa_potluck_ladle_name;Potluck Ladle
erthu_chrwa_potluck_ladle_desc;이전에는 볼 수 없었던 장소에서 희귀 유물이 나타날 수 있습니다.
erthu_chrwa_pristine_fletching_name;Pristine Fletching
erthu_chrwa_pristine_fletching_desc;투사체 속도가 크게 증가하고 치명타 확률이 약간 증가합니다.
erthu_chrwa_promotional_flyer_name;Promotional Flyer
erthu_chrwa_promotional_flyer_desc;다음에 방문하는 상인이 무료 아이템을 제공합니다.
erthu_chrwa_punctured_breastplate_name;Punctured Breastplate
erthu_chrwa_punctured_breastplate_desc;원거리 공격이 일정 확률로 매우 큰 피해를 입힙니다.
erthu_chrwa_rabid_bearskin_name;Rabid Bearskin
erthu_chrwa_rabid_bearskin_desc;적을 처치하면 잠시 동안 무적 상태가 됩니다.
erthu_chrwa_relentless_orchestrina_name;Relentless Orchestrina
erthu_chrwa_relentless_orchestrina_desc;위습 동료를 소환합니다.
erthu_chrwa_rodent_cache_name;Rodent Cache
erthu_chrwa_rodent_cache_desc;여러가지 간단한 아이템을 획득합니다.
erthu_chrwa_rusty_keyring_name;Rusty Keyring
erthu_chrwa_rusty_keyring_desc;적을 처치하면 열쇠를 떨어뜨릴 수 있습니다.
erthu_chrwa_sharpened_eagle_talon_name;Sharpened Eagle Talon
erthu_chrwa_sharpened_eagle_talon_desc;발사체가 목표물을 추적합니다.
erthu_chrwa_shattered_mirror_name;Shattered Mirror
erthu_chrwa_shattered_mirror_desc;모든 능력치가 적당히 증가하지만 운이 크게 감소합니다.
erthu_chrwa_sheet_music_name;Sheet Music
erthu_chrwa_sheet_music_desc;적을 처치하면 일정 확률로 위습을 생성합니다.
erthu_chrwa_silk_chain_name;Silk Chain
erthu_chrwa_silk_chain_desc;원거리 공격이 적을 플레이어 앞에 순간이동시킵니다.
erthu_chrwa_silver_chime_name;Silver Chime
erthu_chrwa_silver_chime_desc;무기 공격 시 일정 확률로 위습을 소환합니다.
erthu_chrwa_silver_spoon_name;Silver Spoon
erthu_chrwa_silver_spoon_desc;코인을 획득하면 마크가 충전될 수 있습니다.
erthu_chrwa_slobbering_totem_name;Slobbering Totem
erthu_chrwa_slobbering_totem_desc;모든 열쇠와 코인을 소모하지만, 그에 따라 무기 공격력이 증가합니다.
erthu_chrwa_sprout_of_ivy_name;Sprout of Ivy
erthu_chrwa_sprout_of_ivy_desc;근접 무기의 크기와 공격력이 서서히 증가하지만, 공격할 때마다 초기화됩니다.
erthu_chrwa_stone_arrowhead_name;Stone Arrowhead
erthu_chrwa_stone_arrowhead_desc;날아다니는 적에 대한 무기 공격력이 크게 증가합니다.
erthu_chrwa_swollen_tick_name;Swollen Tick
erthu_chrwa_swollen_tick_desc;적을 처치하면 폭발합니다.
erthu_chrwa_thiefs_mark_name;Thief's Mark
erthu_chrwa_thiefs_mark_desc;충전 후 사용하면 무작위 유물을 획득할 수 있습니다.
erthu_chrwa_third_card_monte_name;Third Card Monte
erthu_chrwa_third_card_monte_desc;두 가지 능력치는 적당히 증가하지만 다른 능력치가 크게 감소합니다.
erthu_chrwa_three_leaf_clover_name;Three Leaf Clover
erthu_chrwa_three_leaf_clover_desc;운이 약간 증가합니다.
erthu_chrwa_threshing_blade_name;Threshing Blade
erthu_chrwa_threshing_blade_desc;무기의 대미지가 주변 적에게 균등하게 분배됩니다.
erthu_chrwa_thrice_baked_beans_name;Thrice-Baked Beans
erthu_chrwa_thrice_baked_beans_desc;이동할 때 불타는 마그마의 흔적을 남깁니다.
erthu_chrwa_thundering_gong_name;Thundering Gong
erthu_chrwa_thundering_gong_desc;근접 공격은 주변 적에게 작은 피해를 줍니다.
erthu_chrwa_tight_breeches_name;Tight Breeches
erthu_chrwa_tight_breeches_desc;모든 능력치가 크게 증가하지만 더 이상 아이템을 보관할 수 없습니다.
erthu_chrwa_tincture_of_beast_bile_name;Tincture of Beast Bile
erthu_chrwa_tincture_of_beast_bile_desc;이건 마시면 안 될 것 같은데...
erthu_chrwa_toy_piano_name;Toy Piano
erthu_chrwa_toy_piano_desc;지역을 완료하면 열쇠를 두 개 획득합니다.
erthu_chrwa_treasure_map_name;Treasure Map
erthu_chrwa_treasure_map_desc;다음 지역에는 더 많은 상자가 포함됩니다.
erthu_chrwa_tress_of_silken_hair_name;Tress of Silken Hair
erthu_chrwa_tress_of_silken_hair_desc;적을 처치하면 일정 확률로 보호막을 얻을 수 있습니다.
erthu_chrwa_twice_baked_beans_name;Twice-Baked Beans
erthu_chrwa_twice_baked_beans_desc;이동할 때 유독 가스의 흔적을 남깁니다.
erthu_chrwa_two_headed_coin_name;Two-Headed Coin
erthu_chrwa_two_headed_coin_desc;모든 능력치가 약간 증가합니다.
erthu_chrwa_valued_customer_card_name;Valued Customer Card
erthu_chrwa_valued_customer_card_desc;상점 할인 대폭 증가
erthu_chrwa_velvet_purse_name;Velvet Purse
erthu_chrwa_velvet_purse_desc;코인을 100개 획득 합니다.
erthu_chrwa_vial_of_blue_blood_name;Vial of Blue Blood
erthu_chrwa_vial_of_blue_blood_desc;맞았을 때, 체력 대신 코인 수가 감소합니다.
erthu_chrwa_vicious_barb_name;Vicious Barb
erthu_chrwa_vicious_barb_desc;투사체는 적에게 박혀 있는 동안 지속적으로 피해를 입힙니다.
erthu_chrwa_warthog_underbelly_name;Warthog Underbelly
erthu_chrwa_warthog_underbelly_desc;무기 공격력이 크게 증가하지만, 받는 피해가 증가합니다.
erthu_chrwa_weak_link_name;Weak Link
erthu_chrwa_weak_link_desc;회피가 약간 증가합니다.
erthu_chrwa_whipping_toy_name;Whipping Toy
erthu_chrwa_whipping_toy_desc;보스에게 처음 맞을 때, 피해를 받지 않습니다.
erthu_chrwa_winged_shoe_name;Winged Shoe
erthu_chrwa_winged_shoe_desc;구덩이를 밟을 때 4초 동안 부유합니다.
erthu_chrwa_withered_sapling_name;Withered Sapling
erthu_chrwa_withered_sapling_desc;항아리에 사과가 들어있을 수 있습니다.
erthu_chrwa_wolf_fang_name;Wolf Fang
erthu_chrwa_wolf_fang_desc;맞았을 때, 다음 몇 번의 무기 공격이 더 큰 피해를 입힙니다.
erthu_chrwa_wool_slippers_name;Wool Slippers
erthu_chrwa_wool_slippers_desc;회피가 크게 증가합니다.
ach_aberration_obliteration_name;Aberration Obliteration
ach_aberration_obliteration_desc;강력한 적 100마리를 처치하세요.
ach_antique_antik_name;Antique Antik
ach_antique_antik_desc;희생의 석상을 파괴하세요.
ach_attics_anonymous_name;Attics Anonymous
ach_attics_anonymous_desc;천장에 숨겨진 비밀의 방을 발견하세요.
ach_a_battle_won_name;A Battle Won
ach_a_battle_won_desc;용병의 무기로 야수에게 피해를 입히세요.
ach_a_contract_completed_name;A Contract Completed
ach_a_contract_completed_desc;암살자의 무기로 야수에게 피해를 입히세요.
ach_a_hard_battle_won_name;A Hard Battle Won
ach_a_hard_battle_won_desc;어려움 모드(1.75배)에서 용병의 무기로 야수에게 피해를 입히세요.
ach_a_hard_contract_completed_name;A Hard Contract Completed
ach_a_hard_contract_completed_desc;어려움 모드(1.75배)에서 암살자의 무기로 야수에게 피해를 입히세요
ach_big_spender_name;Big Spender
ach_big_spender_desc;한 번의 모험으로 상점에서 아이템 4개를 획득합니다.
ach_black_friday_name;Black Friday
ach_black_friday_desc;상점 할인을 60%로 인상합니다.
ach_ceramic_panic_name;Ceramic Panic
ach_ceramic_panic_desc;항아리 천 개를 파괴하세요.
ach_close_the_book_name;Close The Book
ach_close_the_book_desc;모든 아이템을 찾아보세요.
ach_crush_capitalism_name;Crush Capitalism
ach_crush_capitalism_desc;광기의 상인 처치하기
ach_deep_cut_name;Deep Cut
ach_deep_cut_desc;한 번의 타격으로 최소 25의 피해를 입힙니다.
ach_deep_pockets_name;Deep Pockets
ach_deep_pockets_desc;한 번의 탐사 동안 250개 이상의 코인을 운반합니다.
ach_dentist_delight_name;Dentist's Delight
ach_dentist_delight_desc;금으로 이루어진 음식을 먹습니다.
ach_empty_belly_name;Empty Belly
ach_empty_belly_desc;음식을 먹지 않고 던전을 모험하세요.
ach_errant_entrance_name;Errant Entrance
ach_errant_entrance_desc;벽에서 숨겨진 방을 발견합니다.
ach_feed_the_friend_name;Feed The Friend
ach_feed_the_friend_desc;용과를 구덩이에 던집니다.
ach_good_luck_name;Good Luck!
ach_good_luck_desc;처음으로 고대 던전에 입장합니다
ach_hale_and_hearty_name;Hale And Hearty
ach_hale_and_hearty_desc;체력을 5칸 이상 획득합니다.
ach_hammer_time_name;Hammer Time
ach_hammer_time_desc;대장장이의 모루를 사용하여 무기를 강화합니다.
ach_itsy_bitsy_name;Itsy Bitsy
ach_itsy_bitsy_desc;Contracting Orb를 사용하여 자신의 크기를 줄입니다.
ach_jackpot_name;Jackpot!
ach_jackpot_desc;상점의 슬롯 머신에서 크게 승리합니다.
ach_jingleheimer_schmidt_name;Jingleheimer Schmidt
ach_jingleheimer_schmidt_desc;한 번의 모험 동안 20개 이상의 열쇠를 소지합니다.
ach_laid_to_rest_name;Laid to Rest
ach_laid_to_rest_desc;봉인된 영혼의 탐색을 3개 완료합니다.
ach_master_of_unlocking_name;Master of Unlocking
ach_master_of_unlocking_desc;250개의 상자를 엽니다
ach_merchant_shop_boycott_name;Merchant Shop Boycott
ach_merchant_shop_boycott_desc;상점에 들어가지 않고 던전을 모험하세요.
ach_merciless_killer_name;Merciless Killer
ach_merciless_killer_desc;암살자의 무기를 완전히 강화합니다.
ach_mind_if_we_pop_in_name;Mind If We Pop In?
ach_mind_if_we_pop_in_desc;도전 상자의 시련을 극복합니다.
ach_model_adventurer_name;Model Adventurer
ach_model_adventurer_desc;3.00 이상의 난이도의 던전을 모험하세요.
ach_model_explorer_name;Model Explorer
ach_model_explorer_desc;2.25 이상의 난이도에서 던전을 모험하세요.
ach_mosquito_bite_name;Mosquito Bite
ach_mosquito_bite_desc;야수에게 처음으로 대미지를 줍니다
ach_overstuffed_name;Overstuffed
ach_overstuffed_desc;한 번의 모험에서 모든 종류의 음식 아이템을 먹습니다.
ach_quick_like_a_bunny_name;Quick Like A Bunny
ach_quick_like_a_bunny_desc;20분 이내에 던전을 모험하세요.
ach_risky_bossness_name;Risky Boss-ness
ach_risky_bossness_desc;반 개의 체력으로 보스에게 도전하여 승리합니다
ach_savage_soldier_name;Savage Soldier
ach_savage_soldier_desc;용병의 무기를 완전히 강화합니다.
ach_shiney_slimey_name;Shiney Slimey
ach_shiney_slimey_desc;황금 슬라임을 처치합니다.
ach_show_off_name;Show Off
ach_show_off_desc;업그레이드 아이템을 얻지 않고 던전을 모험하세요.
ach_spoilsport_name;Spoilsport
ach_spoilsport_desc;보스를 한 방에 처치합니다.
ach_surprise_teeth_name;Surprise! Teeth!
ach_surprise_teeth_desc;미믹 상자를 처치합니다.
ach_the_caretaker_name;The Caretaker
ach_the_caretaker_desc;피해를 받지 않고 야수의 요람를 모험하세요.
ach_the_delver_name;The Delver
ach_the_delver_desc;피해를 받지 않고 들끓는 던전을 모험하세요.
ach_the_gatekeeper_name;The Gatekeeper
ach_the_gatekeeper_desc;피해를 받지 않고 제멋대로 커진 관문을 모험하세요.
ach_the_librarian_name;The Librarian
ach_the_librarian_desc;피해를 받지 않고 잊혀진 도서관을 모험하세요.
ach_the_miner_name;The Miner
ach_the_miner_desc;피해를 받지 않고 빛나는 광산을 모험하세요.
ach_try_hard_name;Try Hard
ach_try_hard_desc;입장했었던 던전을 다시 한 번 모험하세요.
ach_try_harder_name;Try Harder
ach_try_harder_desc;두번 입장했었던 던전을 한번 더 모험하세요.
ach_try_hard_with_a_vengeance_name;Try Hard with a Vengeance
ach_try_hard_with_a_vengeance_desc;세번 입장했었던 던전을 한번 더 모험하세요.
ach_unerring_daring_name;Unerring Daring
ach_unerring_daring_desc;원거리 무기를 사용하여 빗나가지 않고 25회 연속으로 적을 공격합니다.
ach_unsealed_souls_name;Unsealed Souls
ach_unsealed_souls_desc;모든 봉인된 영혼의 탐색을 완료합니다.
ach_un_parry_leled_name;Un-parry-leled
ach_un_parry_leled_desc;귀신이 들린 방어구를 처치합니다.
ach_ur2op_name;UR2OP
ach_ur2op_desc;한 번의 탐색에서 세 개의 강력한 아이템을 획득합니다.
ach_wanderlust_name;Wanderlust
ach_wanderlust_desc;고대 던전에서 250개의 방을 탐색합니다.
ach_you_break_it_you_buy_it_name;You Break It, You Buy It
ach_you_break_it_you_buy_it_desc;상점 할인율을 -100%로 낮춥니다.
ach_you_have_a_problem_name;You Have A Problem
ach_you_have_a_problem_desc;한 번의 모험에서 도적 상자를 적어도 20회 사용합니다.
progress_business_senseless_name;Business Sense(less)
progress_business_senseless_desc;<i>아이템을 구매하면 상인이 추가로 아이템을 판매합니다.</i>
progress_devilish_deals_name;Devilish Deals
progress_devilish_deals_desc;<i>일부 방에 거래 가능한 신비한 석상이 나타납니다.
progress_dilemmatic_pedestals_name;Dilemmatic Pedestals
progress_dilemmatic_pedestals_desc;<i>제단이 선택 가능한 두 개의 업그레이드 아이템을 제시할 수 있습니다.</i>
progress_hidden_passages_name;Hidden Passages
progress_hidden_passages_desc;<i>벽, 천장, 바닥에서 숨겨진 구역이 발견될 수 있습니다.</i>
progress_honeypot_name;Precious Pottery
progress_honeypot_desc;<i>배치된 평범한 도자기 중에서 코인으로 가득찬 황금 도자기가 낮은 확률로 발견될 수 있습니다.</i>
progress_i_have_a_system_name;I have a system
progress_i_have_a_system_desc;<i>상인의 슬롯 머신에서 이길 확률이 증가합니다.
progress_shiney_slimey_name;Shiney Slimey
progress_shiney_slimey_desc;<i>고대 던전의 모든 지역에서 황금 슬라임이 나타날 수 있습니다.</i>
progress_smorgasbord_name;Smorgasbord
progress_smorgasbord_desc;<i>상인이 낮은 체력으로 방문한 모험자에게 항상 음식을 판매합니다.</i>
progress_super_size_me_name;Super Size Me
progress_super_size_me_desc;<i>음식이 다음 단계로 업그레이드될 수 있습니다.</i>
progress_the_boss_stash_name;The Boss's Stash
progress_the_boss_stash_desc;<i>보스를 처치한 뒤 감자를 받습니다.
progress_caustic_alloy_name;Caustic Alloy
progress_caustic_alloy_desc;강력한 적이나 보스를 공격할 때 단검의 대미지가 증가합니다.
progress_pressurized_capsule_name;Pressurized Capsule
progress_pressurized_capsule_desc;석궁의 화살로 인한 폭발의 크기가 증가합니다.
progress_reactive_polarization_name;Reactive Polarization
progress_reactive_polarization_desc;적을 단검으로 처치하면 석궁의 화살이 바로 회수됩니다.
progress_tensioning_winch_name;Tensioning Winch
progress_tensioning_winch_desc;석궁을 오래 장전하고 있을수록 대미지가 증가합니다 (12초 뒤 최대 30% 증가된 대미지)
progress_tethered_bolt_name;Tethered Bolt
progress_tethered_bolt_desc;석궁의 화살을 더 빠르고 더 먼 장소에서 회수할 수 있습니다.
progress_double_edged_name;Double Edged
progress_double_edged_desc;단검이 손으로 돌아올 때 감소되지 않은 대미지를 입힙니다.
progress_fold_of_abberation_name;Fold of Abberration
progress_fold_of_abberation_desc;강력한 적을 공격할 때 무기의 대미지가 증가합니다.
progress_fold_of_obliteration_name;Fold of Obliteration
progress_fold_of_obliteration_desc;보스를 공격할 때 무기의 대미지가 증가합니다.
progress_perfect_balance_name;Perfect Balance
progress_perfect_balance_desc;적을 처치하면 짧은 시간 동안 무기의 대미지가 증가합니다.
progress_weighted_pommel_name;Weighted Pommel
progress_weighted_pommel_desc;검으로 공격하면 근처의 모든 적에게 약간의 대미지를 입힙니다.
insight_category_shop;상점
insight_category_secret;비밀
insight_category_items;아이템
insight_category_misc;기타
insight_category_boss;보스
alchemist_delve_name;연금술사의 갈망
alchemist_delve_desc;연금술사는 굉장한 힘의 엘릭서를 만들어냈습니다. 그것은 던전 안에서 당신의 유일한 방어가 될 것입니다.
ascetic_delve_name;금욕주의자들의 갈망
ascetic_delve_desc;금욕주의자들은 박탈감을 통해 힘을 믿었습니다. 던전은 빈손으로 당신을 남겨둘 것입니다.
berserker_delve_name;버서커의 갈망
berserker_delve_desc;버서커는 죽음과 위험에 크게 기뻐합니다. 던전의 적의 수가 증가합니다.
biologist_delve_name;생물학자의 갈망
biologist_delve_desc;생물학자는 모든 생물을 관찰하는 것을 즐겼습니다. 던전에는 동물떼가 있을 것입니다.
cartographer_delve_name;지도 제작자의 갈망
cartographer_delve_desc;지도 제작자는 인적이 드문 길을 걷는 것에 흥분했습니다. 던전은 평소보다 훨씬 더 커질 것입니다.
gambler_delve_name;도박꾼의 갈망
gambler_delve_desc;도박꾼은 위험을 즐겼습니다. 던전은 행운이든 불행이든 닥치는 대로 선물할 것입니다.
hunter_delve_name;사냥꾼의 갈망
hunter_delve_desc;사냥꾼은 최고의 사냥감만을 요구했습니다. 던전이 그 요구를 충족시켜 줄 것입니다.
penitent_delve_name;참회자의 갈망
penitent_delve_desc;참회자는 끊임없는 채찍질을 통해 자신을 겸손하게 만들었습니다. 당신은 강인하지만, 몇 초마다 지속적인 피해를 입습니다.
speechbubble_descendant_blacksmith_introduction_dialog1;...
speechbubble_descendant_blacksmith_introduction_choice1_option1;...저기요?
speechbubble_descendant_blacksmith_introduction_dialog2;안녕하신가. 안으로 들어갈 생각인가?
speechbubble_descendant_blacksmith_introduction_choice2_option1;네, 그래요.
speechbubble_descendant_blacksmith_introduction_end;그렇구만. 경고하겠네만 소용없겠지. 대신, 조심하게. 고대 던전은 위험한 곳이네.
speechbubble_descendant_blacksmith_crossbow_dialog1;다됐네.
speechbubble_descendant_blacksmith_crossbow_choice1_option1;이게 뭐죠?
speechbubble_descendant_blacksmith_crossbow_dialog2;할아버지께선 암살자들의 무기라고 부르셨지. 고대 던전에서만 발견되는 합금으로 만든 석궁과 단검이라네.
speechbubble_descendant_blacksmith_crossbow_choice2_option1;축하합니다?
speechbubble_descendant_blacksmith_crossbow_dialog3;고맙네. 우리 일가가 무기들을 만드는데 몇 세대가 지났지만 운좋게도 내가 마지막 한방을 날렸구만 그래.
speechbubble_descendant_blacksmith_crossbow_choice3_option1;...
speechbubble_descendant_blacksmith_crossbow_end;되었네! 이것들을 가지고 가, 안에 있는 것을 쳐부수게. 그곳에서 너무 많은 사람들이 목숨을 잃었어.
speechbubble_descendant_blacksmith_augmentshop_dialog1;잠시, 제발, 잠깐만 얘기 좀 들어주게.
speechbubble_descendant_blacksmith_augmentshop_choice1_option1;네?
speechbubble_descendant_blacksmith_augmentshop_dialog2;자네 같은 사람이 야수를 처치해서, 내 무기를 강화될 수 있었네. 피는 무기를 변화시키고 강화할 수 있다네.
speechbubble_descendant_blacksmith_augmentshop_choice2_option1;대단하군요!
speechbubble_descendant_blacksmith_augmentshop_end;그럼, 그것은 경외심을 불러일으킬 수 있지. 자네가 그 곳에서 목숨을 거는 위험을 감수해야 하기 때문에, 나는 자네가 그 피가 어떻게 사용되는지 결정하는 것이 옳다고 생각한다네. 내가 몇 가지 계획을 세워 모루 근처에 올려 놓았으니 한 번 봐주게.
speechbubble_descendant_blacksmith_rand_1;전혀, 난 항상 여기 있지는 않네! 자네들이 던전에 있는 동안 나는 대장일을 할 뿐이야, 내가 쓸데없는 질문에 시달리지 않도록!
speechbubble_descendant_blacksmith_rand_2;이 망치는 몇 세대 전 우리 가문의 첫 작품이지. 우리 무기와 같은 재질이지만 더 단단하고 내구성있게 만들어졌네.
speechbubble_descendant_blacksmith_rand_3;우리 고조 할아버지께선 나이프를 완성하셨고, 그걸 할아버지한테 던져서 건네줄때 까무러치게 놀랐네! 날아갔다 되돌아오며 귀를 잘라버릴 뻔 했거든!
speechbubble_descendant_blacksmith_rand_4;던전이 존재하는 한 우리 가문도 존재하네. 우리는 던전의 파괴를 위해 무기를 만드는 것을 신성한 의무로 생각하고 있네.
speechbubble_descendant_blacksmith_rand_5;우리 가문이 만든 무기는 사용한 사람의 운명과 상관없이 항상 우리에게 돌아오지. 잘 이해하기 어렵지만 감사하게 생각하고 있네.
speechbubble_descendant_blacksmith_rand_6;그 성직자 녀석은 "안녕하세요"라거나 "좋은 아침입니다" 같은 말로 항상 나를 괴롭히네. 내 생각에 고요는 깨지지 않는 것이 좋은 것 같아. 특히 아침에는. 
speechbubble_descendant_blacksmith_rand_7;고대 던전은 땅 밑에서 끊임없이 흔들리며 조금씩 움직인다네. 마지막으로 발견된 입구는 여기서 남동쪽으로 거의 500마일 떨어진 곳이었지!
speechbubble_descendant_blacksmith_rand_8;어젯밤, 던전이 나에게 말을 거는 꿈을 꾸었다네. 이상하고 더 이상한 일이지. 확실히 친숙하게 들렸어...
speechbubble_descendant_blacksmith_rand_9;나는 던전에 잡동사니를 파는 "상인들"이 있다는 말을 들었네. 조심하게, 친구여. 그 곳에 있는 모든 것들은 자네를 해친다는 것을.
The Blacksmith;대장장이
speechbubble_ghost_id_1000_og_part1;그래서, 나는 큰 검을 가지고 방 안을 덜컥거리며 돌아다니는 거대한 갑옷을 발견했다. 꽤 느리게 움직이기 때문에, 그것을 파괴하기 위해 그냥 "어떻게든 피하면서" 나아갈 수 있을 것이라고 생각했다.
speechbubble_ghost_id_1000_og_part2;나는 구르고, 피하고, 공격했다. 그러나 그것은 그저... 죽음을 거부했다? 소멸하지 않으려고 하는 걸까? 어쨌든 나는 지쳐갔고 도망치기에는 이미 늦었다. 내 공격은 약해지고 움직임도 느려져 갔다...
speechbubble_ghost_id_1000_og_part3;좋아, 솔직하게 말하지. 내 머리카락이 아주 잘 다듬어져 있음에도 불구하고 그것은 내 머리를 깔끔하게 잘라냈어. 그냥 운이 나빴을 뿐이야.
speechbubble_ghost_id_1000_fl_part1;물론이지. 들어가기 전에 칼로 좀 더 연습할 수도 있었는데. 당연히 음식도 더 싸올 수 있었지. 하지만 그게 정말 다른 차이를 만들었을까?
speechbubble_ghost_id_1000_fl_part2;그럴수도 있고. 아닐수도 있고. 그것이 좋든 나쁘든 간에 운에 달려있다. 당신이 얼마나 많은 것을 얻을지, 필요할지 알 수 없어. 심지어 수년의 준비조차도 하루를 버티기 힘들지도 몰라.
speechbubble_ghost_id_1000_fl_part3;우리가 얘기할 수 있었어서 기뻐. 몇 가지 생각을 정리하는데 도움이 됐어. 마음 한구석에 약간의 의심이 있었지만 이제 괜찮아. 한결 가볍네.
speechbubble_ghost_id_1000_tc_part1;와우, 보기만 해도 피곤해! 운이 좋아.정말 대단했어.
speechbubble_ghost_id_1000_tc_part2;쉿, 난 정말 피곤해! 이렇게까지 피곤했던 기억은 없군. 다행히 저쪽에 편안한 침대가 있는것 같군. 빛을 건너가면 말이지.
speechbubble_ghost_id_1000_cradle_talk;행운을 빌어, 모험가... 헉, 행운을 빈다, 어마무시한 행운을! 이제... 난 낮잠 자러 가야겠어.
speechbubble_ghost_id_1000_unlockRunPart;<i>유령은 분명히 미소를 짓고 있었고, 그를 보는 당신에게 이해하는 듯한 위크를 보냅니다.</i>
The Gambler;도박꾼
speechbubble_ghost_id_1001_og_part1;많은 방황 끝에 나는 더 이상 전진할 길이 없다는 것이 기쁘게 느껴졌다. 내가 내려 앉은 곳은 한쪽에 절벽, 다른 쪽에는 심연이 있었다.
speechbubble_ghost_id_1001_og_part2;그곳은 조용하고 어두우며 정적이 흘렀지. 난 바위턱에 앉아 검은 어둠 속을 몇 분 동안 응시했다...
speechbubble_ghost_id_1001_og_part3;...그때 뭔가가 나를 쳐다보고 있었어.
speechbubble_ghost_id_1001_fl_part1;거대한 노란 눈이 내 앞에서 열렸고, 내부의 불꽃같은 빛으로 강하게 빛나며 끔찍한 모습을 완전히 드러냈다.
speechbubble_ghost_id_1001_fl_part2;단 하나의 눈과 치아가 드러나는 거대하게 살찐 구형태의 몸. 당장 도망치고 싶었지만 공포 이상의 무언가가 나를 붙잡아두었다.
speechbubble_ghost_id_1001_fl_part3;그것이 나를 물어뜯을 때 소리를 지를 수 없었어. 내 단순하고 어리석은 삶을 잃은 것에 대해 슬퍼할 수 없었지.
speechbubble_ghost_id_1001_tc_part1;나는 세계와 역사에 흔적을 남기기 위해 죽었다. 지금, 그 선택에 대해 의문을 가지고 있다. 소박하고 아무에게도 알려지지 않은 이 작은 삶의 무엇이 잘못된 것일까?
speechbubble_ghost_id_1001_tc_part2;나는 이런 방식으로 죽은 첫 번째 사람은 아니며 마지막도 아닐 것이다. 이것은 이상한 종류의 광기이다.
speechbubble_ghost_id_1001_cradleTalk;그래도 모험가여, 고맙다. 나는 마침내 쉴 수 있게 되었다.
speechbubble_ghost_id_1001_unlockRunPart;<i>유령은 슬픈 미소를 지으며 당신을 바라보며 마지막 인사로 손을 흔들었습니다.</i>
The Cartographer;지도 제작자
speechbubble_ghost_id_1010_og_part1;난 진실로 모든 부정적인 상호작용이 부족한 소통의 결과라고 생각했다. 스스로 동물들이 무엇을 소통하려 노력했는지 이해하는 것에 자부심을 느꼈지만... 가끔 내가 틀리기도 했다.
speechbubble_ghost_id_1010_og_part2;나는 클라렌스에 대해 잘못 생각했어. 클라렌스는 안기고 싶어하지 않았고 배가 고픈 상태였지. 어느 날 밤, 그가 내 머리칼 속에서 그르렁거리는 소리를 들으며 잠에 들었지...만, 그는 내 머리에 구멍을 뚫어버렸다.
speechbubble_ghost_id_1010_og_part3;긍정적인 면을 보자면, 클라렌스는 더 이상 배고프지 않아. 난 정말 그가 자라서 그의 친구들처럼 크고 강해지기를 바란다.
speechbubble_ghost_id_1010_fl_part1;전적으로 내 잘못이었어. 동물들은 이성적이지 않고 본능에 따라 행동한다. 난 그들이 너무 귀엽고 놀라워서 그걸 잠시 잊었을 뿐이야.
speechbubble_ghost_id_1010_fl_part2;내 말은, 클라렌스가 우리가 서로에게 얼마나 소중한지 생각했다면 내 머리뼈에 구멍 하나라도 뚫지 않았을 거란 거지.
speechbubble_ghost_id_1010_fl_part3;최소한 그가 어떤 죄책감도 느끼지 않을 거란 걸 알아. 아마 그저 배부르다고 느끼겠지.
speechbubble_ghost_id_1010_tc_part1;이봐, 내 말을 들어줘서 고마워. 솔직히 말해, 난 클라렌스에게 약간... 화가 났던 것 같다. 하지만 클라렌스는 여전히 클라렌스야. 귀엽고, 놀랍고, 치명적이지.
speechbubble_ghost_id_1010_tc_part2;이제 떠나야할 시간이 되었다. 다른 세상에 동물들이 있을지 궁금하다. 그렇지 않다면, "인간"들에게도 기회를 줄 수 있겠지.
speechbubble_ghost_id_1010_cradleTalk;아우. 오싹했다. 분명히 동물들이 있을 거 같다. 최소한 개라도 있겠지.
speechbubble_ghost_id_1010_unlockRunPart;<i>유령의 눈은 당신을 위아래로 햝듯이 자세히 훑어보며 파악하고 있습니다. 당신은 그것이 당신을 살짝 만지고 싶어한다는 느낌이 듭니다.</i>
The Biologist;생물학자
speechbubble_ghost_id_1011_og_part1;오...어이쿠. 보니까 모험가 중 한 명이 내 감각을 다시 돌려놓은 것 같다. 이상하군. 어떻게 나를 이긴 사람이 있었을까?
speechbubble_ghost_id_1011_og_part2;흐음, 혹시 그들이 최고의 모험가였다면 나를 이기는 것이 가능하지. 그렇겠지... 틀림없어.
speechbubble_ghost_id_1011_og_part3;음...어, 행운을 빌어. 당신이 살아남길 빌지. 유령으로 지내는 것은 별로 재미없거든.
speechbubble_ghost_id_1011_fl_part1;이제 기억이 나는군. 난 어떤 살인마 모험가한테 죽은게 아니었어. 스켈레톤이었던 것 같다. 멍청한 스켈레톤 같으니.
speechbubble_ghost_id_1011_fl_part2;난 조심성이 없었다. 난 사냥꾼이니까 아무것도 날 건드릴 수 없다고 여겼지. 아... 내가 좀 어리석었군.
speechbubble_ghost_id_1011_fl_part3;이봐, 조심하라구! 나한테 일어난 일이 너한테도 일어날 수 있는 일이야.
speechbubble_ghost_id_1011_tc_part1;와우, 정말 대단해. 놀라워. 내가 그렇게 하지 못했던 것은 너무 자만했긴 때문인 것 같다.
speechbubble_ghost_id_1011_tc_part2;이제 기분이 좀 좋아졌어. 다시 움직일 준비가 됐다. 정말 고맙다.
speechbubble_ghost_id_1011_cradleTalk;기억해! 어떤 일이 있더라도 항상 조심해. 조금의 두려움은 오히려 안전을 유지할 수 있게 해주지.
speechbubble_ghost_id_1011_unlockRunPart;<i>윤곽이 불분명한 유령의 얼굴에 혼란스러운 표정이 떠올랐지만, 유령은 여전히 가만히 서 있었습니다.</i>
The Hunter;사냥꾼
speechbubble_ghost_id_1020_og_part1;지금은 깨어있지만 친구들은 다 떠났고 나는 길을 잃었다. 나쁜 일들이 나를 더 이상 헤치진 못하겠지만 이제 혼자 남겨져 두렵다.
speechbubble_ghost_id_1020_og_part2;당신은 내 친구가 되어줄 수 있나? 더 이상 배고프지 않기 때문에 음식을 요청하지는 않을거야. 실수하지 않으려 노력하겠어.
speechbubble_ghost_id_1020_og_part3;친구들을 죽인 내 자신 때문에 화가 난다.
speechbubble_ghost_id_1020_fl_part1;내 생각에 우리는 이제 친구야. 네가 저 마을 사람들처럼 심술궂지 않으니까. 안녕, 새로운 친구야.
speechbubble_ghost_id_1020_fl_part2;행복하다. 혼자서 매우 두려웠고 슬펐는데 이제 새로운 친구가 생겼네. 너는 나처럼 강하지만 크진 않구나.
speechbubble_ghost_id_1020_fl_part3;내가 실수해서 너를 죽이지 않도록 할게.
speechbubble_ghost_id_1020_tc_part1;저 악한 것은 크고 무서웠지만 강한 당신과 함께해서 두렵지 않았다. 무서운 것을 잡아줘서 정말 고마워.
speechbubble_ghost_id_1020_tc_part2;다시 졸린다. 따뜻한 곳이 보이는데 그곳에서 좋은 잠을 잘 수 있을 것 같아.
speechbubble_ghost_id_1020_cradleTalk;좋은 밤이 되길 바래.
speechbubble_ghost_id_1020_unlockRunPart;<i>유령은 당신을 공격하는 것을 멈추기 위해 애를 쓰고 있는 것 같습니다. 때때로 당신 쪽으로 달려들기는 하지만, 최대한 자제하려고 노력하고 있습니다.</i>
The Berserker;버서커
speechbubble_ghost_id_1021_og_part1;처음에는 일시적인 생각에 불과했지만 종국에는 거의 제어 불능의 충동으로 이어졌다. 더 깊은 곳으로 모험을 떠나... 뭔가를 만나고 싶다는 갈망이 있었지만, 동시에 그러고 싶지 않았다.
speechbubble_ghost_id_1021_og_part2;내 정신은 지속적인 공격을 받고 있었고, 최선을 다해 방어했다. 정신을 강화하기 위해 물약을 만들었고, 위험요소를 고려하지 않은 채 한 모금 마셨다.
speechbubble_ghost_id_1021_og_part3;...성공했나? 내 마법의 "칵테일"은 끔찍한 충동을 진압했지만, 날 정신적으로 미친 사람으로 몰고 갔다. 그 결과, 나는 내 죽음의 정확한 정황을 기억하지 못할 수 있다.
speechbubble_ghost_id_1021_fl_part1;어쩌면 이전 모험가들도 그들의 약물로 인해 비슷한 운명을 맞이했을지도 모르겠다. 이때문에 대도서관은 나의 연금술 연구를 단념시키고 비난할 이유가 있었을지 모른다. 
speechbubble_ghost_id_1021_fl_part2;어찌보면, 땅 위에서보단 이곳에서 죽는 편이 낫지. 나의 모든 업적들이 방해받지 않고 영원히 이 곳에서 잠들길.
speechbubble_ghost_id_1021_fl_part3;그렇지만 자네가 말이야, 혹여나 내가 만든 끔찍한 무언가와 마주치게 되었다면, 내가 경고하건데 그냥 지나가게나
speechbubble_ghost_id_1021_tc_part1;흔히들 말하지, 인간은 자신이 무엇을 할 수 있는지에만 정신이 팔려서, 정작 무엇을 해야하는지는 간과한다고. 당신은 그러한 어리석음에 빠지지 않기를.
speechbubble_ghost_id_1021_tc_part2;자, 그럼- 제 마음이 가벼워지고 정신은 맑아졌습니다. 죽은자를 위해 제가 해야할 일을 하겠습니다.
speechbubble_ghost_id_1021_cradleTalk;이 끔찍한 곳에서 그대가 달성하려는게 무엇이든간에, 건투를 비네, 모험가여
speechbubble_ghost_id_1021_unlockRunPart;<i>유령의 얼굴은 웃음을 참는데 실패한 표정이었으며, 경련을 일으키듯 씰룩거리며 끔찍한 미소를 보여주었다.</i>
The Alchemist;연금술사
speechbubble_ghost_id_1030_og_part1;나는 내 죽음의 신성한 역할을 이해하지 못 하지만, 아직도 나는 그 죽음이 진실되고 옳은 것이었다고 믿는다
speechbubble_ghost_id_1030_og_part2;비록 필멸자는 절대자의 그 위대한 뜻을 이해하지 못 하겠지만, 그럼에도 내 죽음이 정확히 무엇을 위해서였는지는 알 수 있었으면 좋겠다
speechbubble_ghost_id_1030_og_part3;그 미련이 내가 아직 여기 남아있는 이유일까? 그런 욕망을 품은것이 내가 저지른 죄일까?
speechbubble_ghost_id_1030_fl_part1;그래...그래...그건 교만이었어. 필멸자가 스스로 신의 뜻을 이해할 수 있는 수준이라고 생각하다니!
speechbubble_ghost_id_1030_fl_part2;나는 회개해야 해. 하지만 육신이 없이는 제대로 된 의식을 치를 수 없어. 고통이 나를 정화할 수 있지만, 어떤 고통을 겪어야 하지?
speechbubble_ghost_id_1030_fl_part3;나는...나의 어리석음 되새김질 하겠어. 그 부끄러운 기억이 칼날처럼 깊게 베일 때 까지 갈고 갈겠어.
speechbubble_ghost_id_1030_tc_part1;아, 고통! 아, 기쁨! 아, 구원! 감사합니다, 신들이시여! 저는 깨달음을 얻었습니다!
speechbubble_ghost_id_1030_tc_part2;저의 영혼은 제 육체가 그랬던 것 처럼 겸허해졌습니다. 이제 저에게도 저승으로 가는게 허락된 것 같군요. 저는 떠나겠습니다.
speechbubble_ghost_id_1030_cradleTalk;모험가여, 말동무가 되어줘서 감사하오. 신들의 축복이 그대화 함께하길.
speechbubble_ghost_id_1030_unlockRunPart;<i>유령은 잠시 동안 눈을 똑바로 쳐다보다가 마지못해 인정하는 의미로 고개를 끄덕인다.</i>
The Penitent;회개자
speechbubble_ghost_id_1031_og_part1;나는 이 던전에서 32년간 평온하게 살다 죽었지. 길을 잃어버린 게 아니고, 그냥 그렇게 사는게 만족스러웠거든.
speechbubble_ghost_id_1031_og_part2;던전에서 살며 느끼는 고독함과 간소함은 표현이 힘들정도로 기뻤지. 그래서 난 더이상 떠나기 싫었던거지.
speechbubble_ghost_id_1031_og_part3;물론 세상은 날 패배자로 볼수도 있겠지. 하지만 지금은 생각하지 않을래.
speechbubble_ghost_id_1031_fl_part1;그럼에도 왜 나는 아직까지 방황하는걸까? 왜 난 평온할수 없지? 라는 질문에 대해서는 참 오랫동안 고민했어.
speechbubble_ghost_id_1031_fl_part2;하지만 어쨋든, 이렇게 얘기를 하는건 생각보다 재밌네. 나는 이제야 이렇게 다른사람들과 대화하는게 그리웠는지 깨달았지.
speechbubble_ghost_id_1031_fl_part3;미안.. 내가 말이 많지? 나는 다른사람을 생각하는게 익숙치 않아서 그래..
speechbubble_ghost_id_1031_tc_part1;안녕, 그리고 고마워. 너가 날 일깨워준 덕분에, 내가 왜 평온할수 없는지 알게 되었어.
speechbubble_ghost_id_1031_tc_part2;그건 죄책감이었지. 나는 이곳에 머물며 인간성을 버렸고, 내 방식대로 살았지. 참 부끄러운 일이야..
speechbubble_ghost_id_1031_cradleTalk;너는 내 얘기를 들어줬어. 뭔가 배워가는게 있겠지? 그거면 된거야..
speechbubble_ghost_id_1031_unlockRunPart;<i>유령은 무표정하게 당신을 살피지만, 당신은 어떤 식으로 인해 판단받고 있는 것 같은 느낌이 듭니다.</i>
The Ascetic;금욕주의자
speechbubble_ngplus_adventurer_wins_0_part1;하! 그자식때문에 너도 쫓겨난 거지?
speechbubble_ngplus_adventurer_wins_0_choice1_option1;그런 것... 같아요....
speechbubble_ngplus_adventurer_wins_0_part2;그것 참 멋진 기술이네. 거슬리는 것들은 모두 뿅 하고 치워버리는거지. 하지만 나 한테는 안 통해. 난 사냥에 실패한 적이 없고, 앞으로 없을거야.
speechbubble_ngplus_adventurer_wins_0_choice2_option1;그렇다면...당신은...
speechbubble_ngplus_adventurer_wins_0_part3;다시 돌아가야지! 우리가 어디에 있는지 전혀 모르겠으니 입구로 돌아가는 것보다는 빠를 것 같군.
speechbubble_ngplus_adventurer_wins_0_choice3_option1;도움이... 필요하신가요?
speechbubble_ngplus_adventurer_wins_0_end;도움은 필요하지만 경쟁상대는 필요없어. 말은 고맙네만 영광은 온전히 한 사람의 것이지! 바로 나! 가자구!
speechbubble_ngplus_adventurer_wins_1_part1;미안 *헉* 말을 할 수가 *흐어억*! 믿어지지 않겠지만 산을 뚫는 일은 어려운 일이야!
speechbubble_ngplus_adventurer_wins_1_choice1_option1;...
speechbubble_ngplus_adventurer_wins_1_end;거의 도착했어! 그 놈은 내 검에 눈이 꿰뚫려 죽을 거야! 아니면 내가 죽거나지!
speechbubble_seer_seer_intro_dialog1;용감한 자여, 평화와 생명의 달콤함이 함께하길 바랍니다. 잠시 이야기할 수 있을까요?
speechbubble_seer_seer_intro_choice1_option1;무엇에 관해서 말이죠?
speechbubble_seer_seer_intro_dialog2;이곳과 그 안에 봉인된 영혼들, 오랫동안 고통받으며 갇혀있는 모험가들의 영혼에 대해서 말입니다.
speechbubble_seer_seer_intro_dialog3;이제 고대 던전이 재발견된 이후, 당신의 도움으로 그들은 자유롭게 되고 안식을 찾을 수 있습니다.
speechbubble_seer_seer_intro_choice2_option1;어떻게요?
speechbubble_seer_seer_intro_dialog4;그들의 시체를 파괴하고 돌아오세요. 그러면 제가 그들의 영혼을 부를 수 있을 겁니다.
speechbubble_seer_seer_intro_introduction_end;영혼은 던전 안에서 그들의 마지막 발자취를 따라가며 당신을 인도할 겁니다. 그들이 실패한 곳에서 당신이 성공할 수 있다면, 그들은 안식을 취할 수 있겠죠.
speechbubble_seer_random_1;이곳의 안식없는 영혼들의 울부짖음 때문에 종종 밤잠을 못 이루곤 하죠. 거기엔 조화가 없거든요.
speechbubble_seer_random_2;가끔은 그들을 원망하기도 하지만, 지금 제가 겪는 고통은 그들이 인내한 수 세기에 비하면 아무 것도 아닙니다.
The Seer;현자
speechbubble_studious_acolyte_introduction_dialog1;안녕하신가! 자네는 가장 먼저 도착한 모험가라네! 설레지않나?
speechbubble_studious_acolyte_introduction_choice1_option1;상당히요.
speechbubble_studious_acolyte_introduction_dialog2;나 또한 마찬가지로 기대되네. 자네의 시도, 아니 성공을 지켜보는 것이.
speechbubble_studious_acolyte_introduction_choice2_option1;당신이 지켜본다구요?
speechbubble_studious_acolyte_introduction_end;그럼, 여기서 수정구슬을 이용해 지켜볼 예정이지. 나는 대도서관의 연구를 진전시키기 위해 많은 노트를 작성할 예정이네. 이제 충분하니 그만 말하고 모험을 시작하게! 행운을 비네!
speechbubble_studious_acolyte_insightshop_dialog1;이봐! 자네는 결단력이 있어보이는군. 시간 좀 내주면 고맙겠네.
speechbubble_studious_acolyte_insightshop_choice1_option1;어... 네...
speechbubble_studious_acolyte_insightshop_dialog2;좋구만, 하지만 문제는 말이지.. 다른 모험가들이 제보한 정보가 산더미 같아 나는 *크어험* 분석 마비증후군에 걸린 것 같아!
speechbubble_studious_acolyte_insightshop_choice2_option1;혐오스럽군요.
speechbubble_studious_acolyte_insightshop_dialog3;저속한 언어는 넣어두게. 그리고 들어봐! 내가 어떤 연구를 찾아야 할지 결정하기 어렵군. 모든 옵션이 매우 매력적이야! 제발, 제발, 대신 선택해주게!
speechbubble_studious_acolyte_insightshop_choice3_option1;... 네...
speechbubble_studious_acolyte_insightshop_end;고맙네! 자네 왼쪽 보드에서 연구 주제를 선택해주면 되네. 난 지금 학문적 열정이 넘쳐나고 있어!
speechbubble_studious_acolyte_hardmode_dialog1;이봐! 자네는 좀... 쎄보여.. 아니 존나 쎄보여! 자네한테 던전 탐험은 산책수준일텐데, 재밌을 것 같지 않아?
speechbubble_studious_acolyte_hardmode_choice1_option1;...네?
speechbubble_studious_acolyte_hardmode_dialog2;좋아! 자 마저 들어봐.. 던전 안의 괴물들을 자극하는 향수를 가지고 있어. 그걸 아주 조금만 풍겨도.. 진정한 "탐험"이 될수 있을거야! 그 향수의 페로몬에 끌리지 않을 괴물은 없다고!
speechbubble_studious_acolyte_hardmode_choice2_option1;난 탐험이 좋아요!
speechbubble_studious_acolyte_hardmode_end;당연한 소리! 자 그럼 이제 시작해! 입구 근처에 향수를 두었으니, 몸을 완전히 적시라고!
speechbubble_studious_acolyte_rand_0;잘 알려지지 않은 사실인데, 이 입구를 발견한 것은 나였네. 인내심을 가지고 연구를 거듭하다가 길을 잃어 우연히 발견한 것이지.
speechbubble_studious_acolyte_rand_1;대도서관은 가혹한 일터일 수 있지만 그만한 가치가 있지. 겨우 4년 간의 격렬한 노동과 10년간 엄청난 대가를 치르는 것으로 중간 관리직이 되었거든!
speechbubble_studious_acolyte_rand_2;만약 거기서 치명적인 위험이 있고 탈출할 방법이 전혀 없다면 구덩이에 몸을 던져 자살하는 것을 고려해봐. 아직 아무도 실행한 적 없지만 말이지.
speechbubble_studious_acolyte_rand_3;"슬라임"하고 "젤리" 중에 어떤 것을 더 좋아해? 지금은 간식 시간이라 "젤리" 쪽에 더 마음이 기우는군.
speechbubble_studious_acolyte_rand_4;모험가들은 항상 밤에 도착하는 것 같군. 그 이유가 궁금해. 피부 미용 때문에? 야행성인가? 혹시 뱀파이어라서?!(진짜 뱀파이어라면 지금 말해주게, 알았지?)
speechbubble_studious_acolyte_rand_5;내 생각에 대장장이를 잘 설득하고 있는 것 같군! 오늘 아침에--맹세컨데 진짜라네-- 내가 그에게 "인사"했을 때 마지못하더라도 답해줬단 말이지! 잘 되어가고 있군!
speechbubble_studious_acolyte_rand_6;아니 그런 "뭉근한 눈빛"으로 날 보지 말게! 나는 지식과 결혼했고 결코 바람필 생각이 없으니! 훠이 훠이!
speechbubble_studious_acolyte_rand_7;대장장이에게 내 작업물 중 일부를 비평해달라고 부탁했었는데 그 놈팽이가 내 글씨를 "닭 발자국"같다고 비난했네! 닭!발!이!라!니! 우리는 더 이상 대화하지 않아.
speechbubble_studious_acolyte_rand_8;아무에게도 말하지 말게. 난 가끔 파란 잉크과 검은 잉크를 번갈아 쓰기도 하지!  대도서관이었다면 아연실색할 일이지만 삶에 약간의 스릴은 있어야 하지 않겠나?
speechbubble_studious_acolyte_rand_9;죄책감이 너무 심해져 더 이상 감추지 못하겠어! 잉크로 글을 쓰기 전에 양피지에 연필로 수평선을 그리곤 지워버리네! 내 뛰어난 필기술은 거짓말이야! 더러운, 더러운 거짓말이라구!
The Acolyte;성직자
speechbubble_the_craven_rand_0;나에겐 길고 추운 여정이었지, 들어가기 전에 조금이라도 불을 피워 몸을 덥혀야겠어.
speechbubble_the_craven_rand_1;오늘 아침 끔찍한 두통이 일어서 이것만 나으면 곧바로 안에 들어갈 거야.
speechbubble_the_craven_rand_2;우웁, 뭔가 이상한걸 먹은 것 같아. 그러니까 모험을 미뤄야겠어.
speechbubble_the_craven_rand_3;그 검은 고양이를 봤나? 불길한 전조야. 아마 모험하기에는 그다지 좋은 날이 아닌것 같아...
speechbubble_the_craven_rand_4;어젯밤 잠을 너무 못잤어! 자신을 생명을 의식하고 모험하는 것이 중요하니까, 오늘은 고대 던전에 가지 않을 거야.
speechbubble_the_craven_rand_5;오늘은 내 생일이니까. 고대 던전에 들어가지 않고 축하할 거야.
speechbubble_the_craven_rand_6;물웅덩이에 발을 담궈서 양망이 젖어버렸어. 젖은 양말로 모험을 하기엔 힘들지. 아마 내일 다 마를 거야.
speechbubble_the_craven_rand_7;오늘 안에 들어가려고 했지만, 강아지가 내 숙제를 먹어버렸어. 이 두 가지 일은 관련이 없어 보이겠지만 믿어줘, 연관이 있어.
speechbubble_the_craven_rand_8;아프다! 종이에 베인 상처는 진짜 최악이야! 검을 잡는 쪽 엄지를 베었어! 빨리 나아야 던전에 들어갈 텐데.. *불편한 한숨*
speechbubble_the_craven_rand_9;아니 아니야, 먼저 가! 내가 최고의 모험가는 아니지만, 예의 있다고 자부하고 있어. 나는 내 차례를 기다리는 것이 행복해.
The Craven;겁쟁이
lore_id_11_title;Page 1
lore_id_11_text;나는 내 죽음의 책임을 대도서관에 둔다. 도서관 관장들에 의해 내 연구를 비난당하고 쫓겨난 후, 숲속에서 망명자로 살아야 했다. 작은 동물들을 잡아먹었고 가난에 허덕이는 마을 주민들에게는 무엇이든지 내 "신성모독" 물약과 교환하며 생존했다. 이런 불경한 물약을 만들기는 쉽지 않았다. 어느 동굴 벽에 붙은 이끼를 긁어내는 순간 갑자기 큰 균열 소리와 함께 햇빛이 사라지고 나는 어둠 속에서 길을 잃었다.
lore_id_30_title;Page 2
lore_id_30_text;몇 분이나 흙벽을 덧없이 긁어댄 끝에, 동굴 안 쪽을 탐험하기로 결심했다. 흙벽을 손으로 더듬어 가는 중에 세공된 돌벽이 만져지는 순간 소름끼치도록 명확하게 내 상황을 깨닫게 되었다. 나는 고대 던전에 빠져든 것이었다. 오랫동안 사라져 있었지만, 대도서관의 역사학자들에게 이 던전의 존재는 논란의 여지가 없었다. 땅 아래 뒤틀린 거대한 미궁은 단 하나 뿐이었고, 나는 그 안에 있었다.
lore_id_33_title;Page 3
lore_id_33_text;나는 절망하지 않았다. 오히려 기뻤다. 모든 음모에도 불구하고 대도서관은 이 위대한 작품에서 나를 떼어 놓을 수 없었으니! 약간의 어려움이 있었지만, 나는 마주치는 모든 싹, 보섯 그리고 잡초를 모았다. 모든 것들은 던전의 마법에 영향을 받았고, 이것으로 만든 물약은 경이로웠다! 선천적 한계를 뛰어넘은 물약으로 인해 새로운 보금자리의 위험요소들은 전부 하찮아졌다. 나는 고대 던전의 복도를 두려움 없이, 마치 영주가 그의 성을 거닐 듯 산책할 수 있었다. 하지만 사실, 나는 침입자였으나, 내 침입은 눈에 띄지 않았다.
lore_id_37_title;Page 1
lore_id_37_text;정직한 사람은 좋은 삶을 유지하는데 절대적으로 필요한 것이 매우 적다는 것을 깨닫는다. 굶주리지 않을 정도의 충분한 음식과 자연의 위협을 피할 수 있는 피신처, 목마르지 않을 정도의 물이면 충분하다. 대부분의 사람들이 추구하는 과잉은 그들을 약화시키며, 수천 가지의 "필요"가 아닌 "원하는 것"으로 묶어 버린다. 이들은 그것을 얻기 위해 끝없이 수고하나 실제 그것들이 전혀 필요하지 않다는 것을 모른다. 난 오랫동안 이러한 사슬에서 사람들을 해방하려 노력했지만 그저 마을 광장에서 소리치는 "미친 사람"으로 치부할 뿐이다.
lore_id_40_title;Page 2
lore_id_40_text;내 외모는 삭막하지만 내면의 평화는 웅장하다. 단순한 말로는 다른 사람들에게 나의 힘을 설명하기 힘들어서 그것을 직접 보여주려 했다. 어느 날 나는 모든 사람들에게 나는 고대 던전에 들어갔다가 살아나올 것이라 선언했다. 단순한 사람들은 나를 비웃었고 내 몸의 연약함을 조롱하며, 몇몇은 내가 거기서 도살 당할 것이라 했다. 나는 그들에게 내가 입구로 들어가는 것과 나중에 나오는 것을 보기 위해 따라오라고 했다. 몇몇 밖에 안 따라왔지만, 그것만으로 충분했을 것이다.
lore_id_41_title;Page 3
lore_id_41_text;고귀한 절제의 삶이 내 체질과 의지를 철저하게 만들었다. 오랜 시련의 삶에서 얻은 지혜로 던전의 위험들을 지나갔기에 모두 하찮게 느껴졌다. 놀랍게도, 음식과 물을 구하는 것이 이전보다 더 쉬워졌고, 충분한 식사를 일정하게 하고 있었기에 오히려 과도한 것은 아닌지 궁금해졌다. 내 주변의 생물들은 대부분 무관심하게 나를 바라보았고, 쫓아오는 생물들도 쉽게 피했다. 내 성공은 거의 확실해 보였다.
lore_id_13_title;Page 2
lore_id_13_text;나는 크고 강해져서 싸움을 아주 잘하게 되었다. 새로운 사람들이 나의 첫 번째 친구가 되었다. 그들은 나에게 음식과 선물을 준다. 나는 큰 도끼와 곰 모자와 작은 드레스를 가지고 있었다. 내 친구들은 그건 드레스가 아니라 킬트(Kilt)라고 했다. 난 그것이 단지 드레스일 뿐이라 죽이지(kill) 않았다. 내가 나쁜 사람들을 죽였기 때문에 친구들은 지금 나를 더 좋아한다. 하지만 실수로 친구 중 한 명을 죽인 적이 있는데, 내 생각엔 친구들이 싫어했던 것 같다.
lore_id_2_title;Page 1
lore_id_2_text;나는 똑똑하지는 않지만 몸집이 크다. 어렸을 때도 컸고 어리지 않았을 때는 더 컸다. 마을 사람들은 내가 물건을 들어주면 좋아했지만, 내가 배가 고플때는 좋아하지 않았다. 마을 사람들은 나를 쫓아냈고 나는 매우 배가 고팠다. 오랫동안 혼자였지만 새로운 사람들을 만났다. 이들은 검과 갑옷을 장비했으며 나쁜 사람들과 싸우는 것을 좋아했다. 나에게 검을 주고 나쁜 사람들과 싸울 수 있게 해주었다. 나는 크고 강하며 싸움을 잘한다.
lore_id_21_title;Page 3
lore_id_21_text;내 친구들이 나를 멀리 떨어진 동굴로 데려갔다. 그들은 동굴 안에 나쁜 사람들이 있으니 들어가라고 말했다. 동굴로 들어갔는데 너무 어두워 길을 잃었지만 나쁜 것들을 찾아내 죽였다. 오랜 시간 죽이고 또 죽였지만 나쁜 것들이 너무 많았다. 나는 매우 피곤해졌고 나쁜 것들이 나를 상처입혔다. 그 후에 나는 졸리게 되어 잠이 들었다.
lore_id_22_title;Page 2
lore_id_22_text;그래서, 당신이 상상하듯, 고대 던전에 많은 신기한 야수들이 있다는 것을 듣고, 나는 가만히 있을 수 없었다. 내가 다룰 수 있는 모든 계기와 도구를 가지고 이곳으로 왔다. 나는 그것들 하나하나 연구할 계획이었고, 만약 착하고 부드럽고 폭력적이지 않은 개체가 있다면 죽을 만큼 꼭 껴안으려고 했다! 던전 밖의 젊은 대장장이는 내 계획이 자살계획이라고 폄훼했지만 당신 같이 항상 서로를 깔개 삼으려는 "사람들"에게나 그렇게 보일 뿐이겠지.
lore_id_24_title;Page 3
lore_id_24_text;내가 처음 던전에 들어간 날, 클라렌스를 만났다. 어찌나 사랑스럽던지! 그는 작은 초록 강아지처럼 내 주위를 따라다녔고, 껴안는 것을 몹시 좋아했지! 내가 돌아볼 때마다 내 어딘가에 붙어서 즐거운 소리를 내며 따라다니곤 했지. 클라렌스가 내 옷에 구멍을 내긴 했지만 그냥 재미있게 놀고 있었을 뿐이야. 우리는 멋진 팀이 되었다! 우리는 매일 매일 그의 친구들에 대한 노트를 수집하고, 관찰하고, 해부하며 보냈다... 모든 것이 갑자기 끝나버린 것은 정말 슬픈 일이야.
lore_id_3_title;Page 1
lore_id_3_text;나는 동물들을 사랑했다. 그들은 사람보다 훨씬 더 나아! 어떤 동물들은 귀엽고 부드러운 반면, 어떤  것들은 못생기고 딱딱하지만, 그들 모두가 놀라워! 나는 항상 동물들과 최대한 많은 시간을 보냈다. 가끔 관찰만 하거나, 안아주거나, 뽀뽀하거나, 껴안아 주기도 했지. 게다가 그들이(물론, 오래 행복한 삶을 살고) 죽은 뒤에는 그들을 해부해서 엄청난 것들을 배울 수 있었지! 내 첫 해부를 절대 잊지 못할 거야, 마법같은 경험이었어.
beasts_cradle_title;야수의 요람
beasts_cradle_text;내 인생이 끝인 것 같다는 두려움이 든다.<br><br>절망적인 방황 속에서도, 나는 단지 이 미로 속으로 더 깊이, 어쩌면 심장부에 이르렀을지도 모른다. 나는 이곳에서 끔찍한 존재를 느낄 수 있다. 그것은 내 마음의 뒤를 밀어붙이고, 앞으로 나아가도록 압박하고 있다.<br><br>나는 저항했지만, 이제 휴식의 약속이 생명 그 자체보다 더욱 소중하게 느껴진다. 아이는 굶주리고 있고, 배부르게 해주어야 한다.<br><br>이 글을 발견한 사람들에게, 나의 운명보다 당신의 운명이 더 낫기를 빌어본다.
forgotten_library_title;잊혀진 도서관
forgotten_library_text;나는 무수한 책이 꽉 찬 책장들 사이에서 잃어버린 지식에 둘러싸인 채 이 글을 쓴다. 처음으로, 나는 인류가 우리가 간직하고 있는 것보다 더 많은 것을 잊어버리진 않았을까 하는 생각이 든다.<br><br>나는 한 번에 한, 두 권의 책밖에 가져갈 수 없다. 희망적으로, 내가 작성한 지도는 앞으로 대규모 탐험대를 인도할 것이다.<br><br>그 지도에 관한 말인데...이제 복잡하고, 모순적인 면이 있다. 불가능하지만, 이곳이 움직이고 있는 것 같다는 생각이 든다.
infested_dungeon_title;감염된 던전
infested_dungeon_text;이곳은 언젠가 감옥으로 사용되었던 것 같다. 철장이 있는 감방이 많고, 내 서투른 발걸음은 많은 뼈들을 밟아 부숴뜨렸다.<br><br>여기서 드물게 자라는 붉은 버섯을 수집하여 연구하기로 했다. 운좋게도, 샘플은 계피 냄새가 나서 가방에 가득히 좋은 향이 스며들었다.<br><br>지도 작성은 최선을 다해 진행되고 있다. 이곳은 마치 엉클어진 밧줄의 덩어리 같다.<br><br>
lore_id_20_title;Page 1
lore_id_20_text;고대 던전에 들어갈 때 나는 매우 낙관적이었고 목적의식이 있었다. 나는 동료들 사이에서 열심히 일했지만, 나 자신을 빛낼 기회는 찾지 못했다. 그러던 중, 운좋게도 고대 던전의 다른 입구가 발견되었다. 즉시 들어가서, 인류 역사상 처음으로 던전 내부의 지도를 작성하기로 결심했다. 이런 거대한 일에 비해 내 인생은 작은 것으로 여겨졌지만, 이 일을 위해서라면 감수할 수 있었다.
lore_id_31_title;Page 2
lore_id_31_text;즉시, 문제들이 발생했다. 던전에는 수많은 적대적인 생물들(난 관여하기는 커녕 도망쳤다)이 있었고, 그것보다 더 나쁜 점은 내가 지도에 그린 복도들이 마치 매듭지어진 밧줄 덩어리처럼 서로 감싸고 뒤틀리는 것 같았다. 더 나아가면 갈수록 지도는 더 이상 이해하기 어려워졌다. 절박한 몇 주간의 생존 끝에, 나는 끔찍한 진실을 깨달았다. 이 던전은 움직이고 있다는 것이다.
lore_id_38_title;Page 3
lore_id_38_text;그 후로 나는 학문적인 추구를 버리고 생존에만 집중했다. 목숨 걸고 탈출할 수 없다면 내가 감수한 위험은 전혀 가치가 없게 될 것이었다. 내 지도는 쓸모없어졌지만, 고대 던전의 많은 위험에 대해 쓴 나의 메모들은 어느 정도 가치가 있을 것이라고 생각했다. 나는 매우 조심스럽게 움직이면서 천천히 내려가기 시작했다. 몇 주가 더 흐르고, 결국 내가 마주친 것은... 끝이었다.
luminous_mines_title;빛나는 광산
luminous_mines_text;이곳은 움직이는 것 같다. 나의 지도는 엉킨 덩어리가 되었고, 나는 길을 잃었다. 앞으로? 뒤로? 어쨌든, 계속 움직이고 있다. 이제 나는 모든 열망을 버리고 살아남기만을 희망한다.<br><br>내 주변은 벽에 달린 촛대가 있는 복도에서 빛나는 수정만이 비춰주는 동굴로 바뀌었다. <br><br>최악의 일은, 나 혼자가 아니라는 것이다. 나는 어둠 속에서 야수들의 소리를 들었다. 바라건데 튼튼한 산책 지팡이와 엄한 말 몇 마디로 그들을 막을 수 있을 것이다.<br>
overgrown_gatehouse_title;제멋대로 커진 관문
overgrown_gatehouse_text;고대 던전에서 나의 첫 하루가 끝났다. 난 엄청난 낙천주의자다.<br><br>주변 환경이 "던전 같지 않다"고 하더라도, 아직은 그대로 남아있다. 인류에게 점점 알려지는 세상에서, 이렇게 신비로운 곳에 있다는 것은 정말로 떨리는 경험이다.<br><br>지도를 그리기 시작했다. 인내를 가지고 꾸준히 작업하면, 내 인생 최고의 업적이 될 것이다.<br><br>
lore_id_1_title;Page 1
lore_id_1_text;나는 오래 전부터 모든 것을 다 알고 있었다. 다른 사람들은 큰 계획을 세우고 부를 축적하며, 그것으로 자신의 인생을 통제할 수 있다고 생각한다. 하지만 계획이 실패하고, 모든 부를 빼앗기고 나면, 처음과 다를 바 없어진다. <br>하지만 나는 다르다. 세상이 무엇인지를 알고 있었다. 그것은 우연의 나열이다. 그것과 싸우는 것은 의미가 없고, 오히려 순응하며 그 즐거움을 즐기는 것이 더 좋다.<br>
lore_id_10_title;Page 2
lore_id_10_text;다른 사람들은 내가 대담한, 미친 짓을 했다고 할지 모르겠지만 난 큰 위험을 감수했다. 하루는 왕처럼 살고 다음 날은 거지처럼 살았다. 나는 그게 좋았다. 매일이 새로웠고, 매번 좋은 운이 찾아와 다음 행운이 더욱 달콤해질 거라는 걸 알았기 때문이다. 그래서 고대 던전이 다시 나타났다고 들었을 때, 바로 그 날 출발하기로 결심했다. 모든 것을 걸고 위험을 무릅쓰기로 했고 설레임으로 인해 뼈가 떨리기 일쑤였다.
lore_id_12_title;Page 3
lore_id_12_text;지금, 나는 위대한 전사는 아니지만, 큰 일격을 날리는 데는 자신있었다. 그래서 내가 들어간 모든 방을 파괴하며, 상대한 것만큼 돌려주었다. 여정은 험난했지만, 나는 너무 신나서 미칠 것 같았다! 금화가 쓰레기처럼 널브러져 있고, 마법의 보물들은 내가 상상도 할 수 없는 일들을 할 수 있게 해 주었다. 더 가면 갈수록 탈출 가능성이 높아지는 것 같았다. 하지만 그것은 큰 실수였다. 나는 더 현명했어야 했다. 삶은 매우 변덕스러운 것이었다.
lore_id_34_title;Page 1
lore_id_34_text;나는 죽었다... 이해할 수 없다. 나는 이 세상에서 가장 위대한 사냥꾼인데! 무슨 일이 있었던 거지? 머릿 속이 흐릿하다. 좋아, 좋아... 생각해보자. 던전으로 다시 들어갔던 것 같은데... 운 좋게 탈출한 것이 틀림없는 바보들과 이야기를 나누다... 그리고 나서 나는... 아무것도 없이 죽었다. 잠깐... 잠깐만! 바보들 중 하나가 몰래 다가와 날 죽였나? 그것이 틀림없다. 이게 말이 되는 유일한 방법이야...
lore_id_35_title;Page 2
lore_id_35_text;믿기 힘들다. 다른 모험가에게 배신을 당한 건가. 질투가 이런 행동을 유발했겠지만, 나보다 더 뛰어난 사람을 만나면 어려워하는 것도 이해가 간다. 하지만 살인이라니... 이런, 그냥 놀랍다. 이제 어쩌지? 유령인 상태로 그들을 괴롭히면서 이 세상을 떠나기 전에 해결해야 할 일들이 남아있을 것 같다. 하지만 그들이 어떻게 생겼는지는 모르겠는데... "살인자" 느낌이 드는 모험가를 찾아봐야겠다. 그들을 괴롭혀서 그들이 잘못했다는 것을 알게하고 그 후에... 멋진 곳으로 가는 게 좋겠다.
lore_id_36_title;Page 3
lore_id_36_text;죽음은 싫다. 유령으로 괴롭히는 일도 마찬가지다. 이게 안 먹힌다. 살인자 같은 모험가들을 찾아 괴롭혀도, 밝고 아름다운 저 너머 세상으로 가는 것 같은 느낌은 들지 않는다. 그리고 최근 생각하는 게 점점 힘들어져. 너무 힘들고 피곤하다. 이 문제를 빨리 해결하지 않으면 이곳에 있는 다른 멍청한 유령들처럼 그냥 떠돌면서 아무나 때리는 사람이 될지도 몰라. 하! 난 괜찮아. 사냥꾼은 항상 이긴다!
lore_id_23_title;Page 1
lore_id_23_text;우리의 천한 육체의 타락은 신에 대한 인간의 헌신을 가장 잘 보여준다. 비록 다른 이들이 그 실천을 생각할 때 혐오스럽게 여길 수 있지만, 나는 어릴 때 부터 그것을 진심으로 받아들였다. 매일 세 번 등을 채찍질하며 살을 발라 그 고통이 거의 무감각해질 때까지 반복했으며, 이러한 행위로부터 받는 신성한 쾌락은 모든 것을 덮쳐 큰 기쁨을 가져다 주었다. 나의 헌신은 주목받았고, 나는 신성한 질서에서 빠르게 계급이 올랐다.
lore_id_32_title;Page 2
lore_id_32_text;내가 고대 던전에서 사악한 기운을 제거하도록 선발되었을 때, 그것은 전혀 놀라운 일이 아니었다. 내 신앙심에 비례하여 전투 능력도 뛰어난 편이었기 때문이다. 그 악한 이교도의 무덤 안으로 모험을 떠났을 때, 난 등에 있는 두꺼운 흉터가 조금씩 풀리면서 따듯해지는 것을 느꼈다. 마치 신성한 기운이 나를 감싸준 것만 같았다. 나는 승리가 확실하다고 생각하고 전장에서 무모하게 싸웠다.
lore_id_39_title;Page 3
lore_id_39_text;던전을 헤쳐나가며 수천 개의 상처를 입었지만 그것들은 나에게 작은 것에 불과했다. 나는 몇 시간, 몇 일 동안 싸우며 피를 흘렸다. 시간이 지날수록 더 많은 신성한 축복을 받는 것을 느끼고 있었다. 나는 내가 죽을 때까지 계속 적들을 죽이며 전투를 이어나갔다. 내 공격은 약해지고 숨소리도 얕아졌지만 내 열정은 여전했다. 그렇게 나는 쓰러져 움직이지 못할 때까지 계속 싸웠다. 마침내, 죽음에 이르렀을 때, 내 검은 또 다른 끔찍한 구울을 꿰뚫었다.
lore_id_2001_title;Page 1
lore_id_2001_text;내 동료와 선배들이 정의한 "과학"은 이미 승리를 거뒀다. 위대한 발견들이 이루어졌기 때문에, 이제는 아직 미지로 남은 지식의 영역에 관심을 돌렸다.<br><br>가장 광범위한 용어로는 "마법"이라 할 수 있겠지.<br><br>내 작업은 대부분의 학자들에게 멸시받을 것이다. 그렇더라도, 나는 그것이 무시되지 않도록, 무시 할 수 없도록 할 것이다.
lore_id_2002_title;Page 2
lore_id_2002_text;나는 마치 불운한 광부와도 같아서, 광석을 캐면서도 아무것도 찾지 못하는 기분이 든다.<br><br>하나의 의미를 발견할 때마다, 어리석은 소리의 바다가 따라오는 것 같다. 과학과 마찬가지로, 마법의 수행자들도 소수의 뛰어난 두뇌들이 어리석은 말뿐인 바다에 물들어버린 것처럼 보인다.<br><br>하지만 괜찮다. 진실이 명백해질 때까지 모든 조각조각을 모아놓을 것이다.
lore_id_2003_title;Page 3
lore_id_2003_text;1265년 세 번째 계절 72번째 날,<br><br>나는 마법을 이끌어냈다.<br><br>작다고 할 수 있는 일이겠지만 내 손가락 끝에 살아 숨쉬는 화염의 작은 불꽃, 아무것도 없는 곳에서 "소환"된 것 같다.<br><br>나는 어떤 비밀스럽거나 난해한 단어도, 복잡한 기호도 사용하지 않았다. 그저 하나의 의지, 일어날 수 있다는 믿음... 그러자 갑자기 그렇게 되었다.
lore_id_2004_title;Page 4
lore_id_2004_text;1265년 네 번째 계절 세 번째 날,<br><br>내 능력은 집중력과 장소에 따라 다양한 강도로 나타난다는 것을 발견했다.<br><br>집중력에 대해서는, 내 화염은 내 체력에 따라 커졌다 작아졌다 한다. 아침 일찍이나 정오가 이상적이다.<br><br>장소에 관해서는... 확신이 없다. 제3 창고가 가장 크고 밝은 화염을 내지만 그 이유를 모르겠다. 더 많은 연구가 필요하다.
lore_id_2005_title;Page 5
lore_id_2005_text;1266년 첫 번째 계절 31일<br><br>큰 발견이 있었다! 오늘, 창고에서 나온 후 주방 종업원 한 명이 "유령을 찾고 있나요?"라고 물었다.<br><br>그들은 지하실의 일부 - 바로 창고 아래 - 에 유령이 있다고 오랫동안 여겨졌다는 것이다. 이 전에는 알지 못했던 이 장소를 조사해본 결과, 내 능력이 더욱 강화되었다.<br><br>내 연구활동을 이 지역으로 옮기려고 한다. 위대함이 기다리고 있을 것이다.
lore_id_2006_title;Page 6
lore_id_2006_text;1266년 두 번째 계절 네 번째 날,<br><br>나(와 내 하인들)의 많은 노력 끝에, 내 연구실 전체를 지하실로 옮겼다. 나의 불꽃이 번쩍이는 지점 주변에 기구들을 배치했다.<br><br>그리고 사실, 그게 전부다. 다른 마법을 연구하고는 있지만, 이 단순한 불꽃만이 내 최고의 업적이 되고 있다. 분명히 나는 어떤 중요한 통찰력이 부족한 모양이다.<br><br>여러 실험 끝에 결실을 맺었다. 이제 다시 책상 앞으로 돌아가야겠다!
lore_id_2007_title;Page 7
lore_id_2007_text;1266년, 세 번째 계절 11번째 날,<br><br>강대한 자나 빈곤한 자 모두가 어리석은 짓을 한다는 것이 참으로 많다!<br><br>내가 처음에 광대의 헛소리로 여긴 의식과 의례들이 더 큰 마법을 이루는데 핵심 요소임을 알게 되었다. 새로운 이 장소에서 내가 움직임과 주문을 명확하게 따라하면 다양한 경이로운 현상이 일어난다.<br><br>이제 내 기록과 참고 자료를 안전하게 보관해야 할 필요성을 느낀다. 내 발견이 쉽게 악용될 가능성이 있기 때문이다.
lore_id_2008_title;Page 8
lore_id_2008_text;1267년 첫 번째 계절 15일 째,<br><br>마지막 글을 쓴 이후 거의 두 계절이 지났지만, 내 인생은 변화의 폭풍 속에 있다.<br><br>내가 배운 것들로 내 마음은 불타오르고 예전에는 위대한 인물들을 흉내냈던 곳에서, 이제 그들과 어깨를 나란히 하고, 새로운 마법을 창조할 수 있다.<br><br>슬프게도, 나는 이 장소에서 발전할 수 있는 한계에 도달한 것 같다. 그래서 나는 여행은 준비하고 있다. "자연스럽지 못한" 현상들이 이런 장소의 특징이라면, 탐험할 곳이 많다.
lore_id_2009_title;Page 9
lore_id_2009_text;1268년 세 번째 계절 5일 째,<br><br>마침내! 발에 물집이 잡히는 몇 달 동안의 힘든 여행을 견뎌낸 끝에 성공했다!<br><br>아직 그 지점에 도착하진 않았지만, 마치 갑작스러운 비에 젖어든 마른 스펀지처럼 그것을 느낄 수 있다. 나는 이 장소의 힘으로 환희에 가득찼다!<br><br>오늘 밤, 내 수행원들이 잠든 후, 내 능력을 확인해보기 위해 불꽃을 일으켜 볼 생각이다. 이 지역은 꽤나 단순해 보이는데, 내 능력에 대한 이곳 생물들의 반응은... 좋지 않을 수도 있으니.
lore_id_2011_title;Page 10
lore_id_2011_text;1268년 세 번째 계절 25일 째,<br><br>이곳의 힘은 내가 기대한 것보다 강력하고 우려했던 것보다 더 나쁘다.<br><br>이곳은 힘은... 무서울 정도이다. 미풍을 일으키면 산이 무너질 것 같다.<br><br>그래서 나는 이 현상을 연구하기로 했다. 눈에 띄는 것은 없지만 어떤 알 수 없는 감각으로 이곳의 힘을 느낄 수 있다.<br><br>과거 위대한 위인들은 내가 느끼는 것처럼 그들 자신의 발견에 대해 두려움을 느꼈을까?
lore_id_2013_title;Page 11
lore_id_2013_text;1268년 네 번째 계절 44일 째,<br><br>나는 이곳에서 배운 것들을 가지고 급히 집으로 돌아갈 것이다.<br><br>이곳의 진실을 조금이라도 이해한다는 것은 불가능하기 때문에, 이 지역 안쪽에 대한 소문들은 원치 않는 관심을 끌 수 있다.<br><br>이틀 후에 하인 하나만 데리고 떠날 것이다. 그는 나이가 많지만 단순한 사람이라 내가 걱정할 만한 요소가 없다.
lore_id_2015_title;Page 12
lore_id_2015_text;1269년 두 번째 계절 2일 째,<br><br>드디어, 집이다.<br><br>돌아온 후, 가장 먼저 할 일은 내 연구실을 더 안전하게 보호하는 것이다. 문은 철제 자물쇠로 덮인 단단한 떡갈나무로 교체했다. 아침마다 열쇠 소리가 꽤나 시끄럽지만 그 필요성은 명백하다.<br><br>망설여지긴 하지만, 이제까지 배운 것을 한번 적용해 봐야겠다. 신중함이 가장 중요하겠지만, 내 연구를 안전하게 진행하기 위해서는 이곳의 힘을 강화해야 한다.
lore_id_2017_title;Page 13
lore_id_2017_text;1269년 두 번째 계절 39일 째,<br><br>"강화"가 최선의 단어는 아닐지라도, 드디어 이 장소를 강화시킬 수 있었다. "넓히다"라는 말이 더 적합할지도 모르겠다. 이제 여긴 우리 현실에서 "찢어진" 곳이며, 이 너머 다른 현실이 있다고 믿는다.<br><br>천천히, 조심스럽게 가장자리를 잡아 당겨 거의 눈에 띄지 않을 만큼 넓혀왔지만 나는 피부에 희미한 햇살이 비치는 것처럼 인지하고 있다. 내 힘은 성장하고 있다.<br><br>조금만 더 넓히고 멈출 것이다. 이 과정은 중독적이지만, 그 중독에 빠져서는 안될 것이다.
lore_id_2010_title;Page 1
lore_id_2010_text;부자양반, 당신은 실수했어. 가난하다는 것은 어리석다는 것을 의미하지 않고, 부유하다는 것은 똑똑하다는 뜻이 아니다.<br><br>난 여기저기 다니며 이상한 것들, 마법 같은 것들을 봤지. 그리고 그 이상의 것을 찾던 중 너 같은 사람이 등장해서 놀랐어.<br><br>사람이 없다고 생각하던 중, 난 당신이 할 수 있다는 것을 보았다. 부자여, 당신의 비밀을 알아낼 거야. 내가 뭐든 할 거니까 말이야.
lore_id_2012_title;Page 2
lore_id_2012_text;그냥 몇 주 동안 하루 종일 쳐다보며 낙서만 하고 있다.<br><br>아무것도! 아무것도 보지않아! 어쩌면 그 부자는 미친 사람인가...내가 보지 못하는 것을 보는 사람인가.<br><br>나는 그가 낙서한 책이 마법으로 가득 차있길 바란다. 하지만 그는 그 책을 가까이에 두고 실크와 벨벳에 싸여 잠에 든다.<br><br>그가 나를 믿도록 하고 싶다. 바보 같이 굴어야 한다. 이해할 줄 아는게 없는 아기처럼 단순하게 여기도록.
lore_id_2014_title;Page 3
lore_id_2014_text;한밤중, 부자는 깊이 잠들었다. 일지를 쓰면 안 될 것 같지만(어리석은 사람들은 글을 쓸 수 없으니), 누군가에게, 내 자신에게라도 자랑하고 싶어서 글을 쓰게 됐다.<br><br>나는 무대 체질인가 보다. 내가 대단한 배우라고 생각해 본 적은 없지만 누군가 내 모습을 보면 절대적으로 바보라고 생각할 것이다.<br><br>부자는 여전히 그의 비밀을 지키고 있지만, 나는 그가 느슨해지는 것을 볼 수 있다. 값싼 돈주머니 끈처럼 말이지. 이젠 시간 문제일 뿐이다...
lore_id_2016_title;Page 4
lore_id_2016_text;이 곳은 돌과 난로가 모서리마다 있다! 누구는 이토록 부유하고 다른 사람은 얼마나 가난한지 믿을 수 없을 만큼 차이가 크다.<br><br>그래도 상관없다, 난 여기서 아늑하게 지내고 있으니. 부자는 나를 바보로 생각하고, 나만이 그의 연구실로 내려가 차와 비스킬을 대접하게 해준다. 내가 보고 있는 것들에 대해 아무것도 모른다고 생각하지만, 사실은 그렇지 않다. 내가 기억할 수 있는 모든 것을 기록해놓았고, 내가 스스로 어떤 마법을 만들어볼 수 있을지 알아보고 있다!
boss_Deranged Adventurer;정신 나간 모험가
boss_Rabid Bestiary;광포한 야수도감
boss_DoomShroom;죽음의 버섯
boss_King Slime;킹 슬라임
boss_Elder Skeleton;엘더 스켈레톤
boss_Armored Wight;갑옷 인간
boss_corrupted shopkeeper;타락한 상점주인
item_Apple_name;사과
item_Apple_desc;하트 1개 재생
item_Dragonfruit_name;용과
item_Dragonfruit_desc;하트 3개 재생
item_Potato_name;감자
item_Potato_desc;하트 반개 재생
item_Steak_name;스테이크
item_Steak_desc;하트 2개 재생
item_Journal Page_name;저널 페이지
item_Journal Page_desc;
item_Save and Quit_name;저장 및 종료
item_Save and Quit_desc;휴식이 필요하신가요? 진행상황을 저장하고 메인 메뉴에서 종료하여 나중에 계속하세요...
erthu_chiming_orb_name;Chiming Orb
erthu_chiming_orb_desc;던져서 유용한 위습 몇 마리를 소환하세요.
erthu_contracting_orb_name;Contracting Orb
erthu_contracting_orb_desc;던져서 주변의 모든 물체의 크기를 일시적으로 줄입니다.
erthu_demanding_orb_name;Demanding Orb
erthu_demanding_orb_desc;발밑에 던져 다음 적중 시까지 추가 피해를 한 번 더 입힙니다.
erthu_flickering_orb_name;Flickering Orb
erthu_flickering_orb_desc;발밑에 던지면 이동 속도가 일시적으로 증가합니다.
erthu_glittering_orb_name;Glittering Orb
erthu_glittering_orb_desc;던져서 주변의 적이나 물체를 금으로 변신시킵니다.
erthu_lethal_orb_name;Lethal Orb
erthu_lethal_orb_desc;발밑에 던지면 공격력과 치명타 확률이 증가하지만 이동 속도가 느려집니다.
erthu_noxious_orb_name;Noxious Orb
erthu_noxious_orb_desc;던져서 유독 가스 구름을 방출합니다.
erthu_orb_of_obliteration_name;Orb of Obliteration
erthu_orb_of_obliteration_desc;던져서 큰 피해를 주는 폭발을 일으킵니다.
erthu_potion_of_focus_name;Orb of Focus
erthu_potion_of_focus_desc;발밑에 던져 주변 세상을 일시적으로 느리게 만듭니다.
erthu_potion_of_fury_name;Orb of Fury
erthu_potion_of_fury_desc;발밑에 던지면 일시적으로 공격력이 증가합니다.
erthu_potion_of_protection_name;Orb of Protection
erthu_potion_of_protection_desc;발밑에 던지면 일시적으로 무적이 됩니다.
erthu_unstable_orb_name;Unstable Orb
erthu_unstable_orb_desc;던져서 큰 피해를 주는 폭발을 일으킵니다.
crossbowdagger_combo_name;석궁 & 단검
crossbowdagger_primary_name;석궁
crossbowdagger_secondary_name;단검
swordknife_combo_name;검 & 나이프
swordknife_primary_name;검
swordknife_secondary_name;나이프
unarmed_combo_name;비무장
unarmed_primary_name;왼쪽
unarmed_secondary_name;오른쪽
